Player,REB,AST,STL,BLK,TOV,PF,PTS,Salary
Álex Abrines,1.5,0.6,0.5,0.2,0.5,1.7,5.3,3575183
Aaron Gordon,7.4,3.7,0.7,0.7,2.1,2.2,16,21590909
Aaron Gordon,7.7,3.7,0.8,0.6,1.6,2,14.4,19863636
Aaron Gordon,5.7,3.2,0.7,0.7,1.9,1.8,12.4,18136364
Aaron Gordon,5.9,2.5,0.6,0.6,1.8,2,15,16409091
Aaron Gordon,6.6,3,0.8,0.8,1.4,1.9,16.3,19690909
Aaron Holiday,1.3,1.7,0.4,0.3,0.8,1.4,5.9,1911960
Aaron Holiday,2.4,3.4,0.8,0.2,1.3,1.8,9.5,2239200
Aaron Holiday,1.3,1.9,0.7,0.2,1,1.4,7.2,2345640
Aaron Holiday,1.9,2.4,0.7,0.1,1.1,1.5,6.3,3980551
Aaron Holiday,1.2,1.4,0.6,0.2,0.6,1.3,3.9,1836090
Aaron Nesmith,2.8,0.5,0.3,0.2,0.5,1.9,4.7,3458400
Aaron Nesmith,1.7,0.4,0.4,0.1,0.6,1.3,3.8,3631200
Aaron Nesmith,3.8,1.3,0.8,0.5,1,3.2,10.1,3804360
Aaron Wiggins,3.6,1.4,0.6,0.2,1.1,1.9,8.3,1000000
Aaron Wiggins,3,1.1,0.6,0.2,0.8,1.6,6.8,1563518
Abdel Nader,1.9,0.3,0.3,0.2,0.4,1.1,4,1378242
Abdel Nader,1.8,0.7,0.4,0.4,0.8,1.4,6.3,1618520
AJ Griffin,2.1,1,0.6,0.2,0.6,1.2,8.9,3536160
Al Horford,6.7,4.2,0.9,1.3,1.5,1.9,13.6,28928710
Al Horford,6.8,4,0.8,0.9,1.2,2.1,11.9,28000000
Al Horford,6.7,3.4,0.9,0.9,1,1.7,14.2,27500000
Al Horford,7.7,3.4,0.7,1.3,0.9,1.9,10.2,27000000
Al Horford,6.2,3,0.5,1,0.6,1.9,9.8,26500000
Al-Farouq Aminu,7.5,1.3,0.8,0.4,0.9,1.8,9.4,6957105
Alec Burks,3.7,2,0.6,0.3,1,1.4,8.8,11536515
Alec Burks,4.3,2.9,0.9,0.3,1.4,1.9,15,2320044
Alec Burks,4.6,2.2,0.6,0.3,1,2.1,12.7,6000000
Alec Burks,4.9,3,1,0.3,1.1,2.7,11.7,9536000
Alec Burks,3.1,2.2,0.7,0.2,1.1,1.9,12.8,10012800
Aleksej Pokusevski,4.7,2.2,0.4,0.9,2.2,1.3,8.2,2964840
Aleksej Pokusevski,5.2,2.1,0.6,0.6,1.5,1.4,7.6,3113160
Aleksej Pokusevski,4.7,1.9,0.6,1.3,1.3,1.7,8.1,3261480
Alex Caruso,1.9,1.9,1.1,0.3,0.8,1.5,5.5,2750000
Alex Caruso,2.9,2.8,1.1,0.3,1.3,1.9,6.4,2750000
Alex Caruso,3.6,4,1.7,0.4,1.4,2.6,7.4,8604651
Alex Caruso,2.9,2.9,1.5,0.7,1.1,2.4,5.6,9030000
Alex Len,5.5,1.1,0.4,0.9,1.3,2.6,11.1,4350000
Alex Len,5.8,0.9,0.4,0.9,1,2.3,8,4160000
Alex Len,4.1,0.8,0.3,1,0.9,2,6.6,3523372
Alex Len,4.1,1.2,0.3,0.6,1.1,2.6,6,3732000
Alfonzo McKinnie,3.4,0.4,0.3,0.2,0.4,1.9,4.7,1349383
Alfonzo McKinnie,2.8,0.4,0.6,0.2,0.7,1.8,4.6,2391985
Allen Crabbe,3.4,1.1,0.5,0.3,1.1,2.4,9.6,18500000
Allen Crabbe,2.1,0.9,0.4,0.1,0.5,1.3,4.6,17818456
Allonzo Trier,3.1,1.9,0.4,0.2,1.8,1.8,10.9,3382000
Alperen Şengün,5.5,2.6,0.8,0.9,2,3,9.6,3214680
Alperen Şengün,9,3.9,0.9,0.9,2.6,3.4,14.8,3375360
Amir Coffey,1.1,1.1,0.1,0.1,0.4,1,3.4,3395062
Amir Johnson,2.9,1.2,0.3,0.3,0.9,1.9,3.9,2393887
Andre Drummond,15.6,1.4,1.7,1.7,2.2,3.4,17.3,25434263
Andre Drummond,15.2,2.7,1.9,1.6,3.6,3.5,17.7,27093019
Andre Drummond,12,2,1.4,1.1,2.7,3.2,14.9,28512226
Andre Drummond,9.3,1.8,1.1,0.9,1.6,2.6,7.9,2401537
Andre Drummond,6.6,0.5,0.7,0.4,1.1,1.7,6,3200000
Andre Iguodala,3.7,3.2,0.9,0.8,0.8,1.4,5.7,16000000
Andre Iguodala,3.5,2.3,0.9,0.6,1.1,1.4,4.4,15000000
Andre Iguodala,3.2,3.7,0.9,0.7,0.9,1.1,4,2641691
Andrew Nembhard,2.7,4.5,0.9,0.2,1.7,2.4,9.5,2244111
Andrew Wiggins,4.8,2.5,1,0.7,1.9,2.1,18.1,25467250
Andrew Wiggins,5.1,3.7,0.8,1,2.4,2.4,21.8,27504630
Andrew Wiggins,4.9,2.4,0.9,1,1.8,2.2,18.6,29542010
Andrew Wiggins,4.5,2.2,1,0.7,1.5,2.2,17.2,31579390
Andrew Wiggins,5,2.3,1.2,0.8,1.3,2.9,17.1,33616770
Anfernee Simons,2.2,1.4,0.4,0.1,0.9,1.9,8.3,2149560
Anfernee Simons,2.2,1.4,0.3,0.1,0.7,1.5,7.8,2252040
Anfernee Simons,2.6,3.9,0.5,0.1,2,1.9,17.3,3938818
Anfernee Simons,2.6,4.1,0.7,0.2,2.1,2.3,21.1,22321429
Ante Žižić,5.4,0.9,0.2,0.4,1,1.9,7.8,1952760
Anthony Davis,12,3.9,1.6,2.4,2,2.4,25.9,25434262
Anthony Davis,9.3,3.2,1.5,2.3,2.5,2.5,26.1,27093019
Anthony Davis,7.9,3.1,1.3,1.6,2.1,1.7,21.8,32742000
Anthony Davis,9.9,3.1,1.2,2.3,2.1,2.4,23.2,35361360
Anthony Davis,12.5,2.6,1.1,2,2.2,2.6,25.9,37980720
Anthony Edwards,4.7,2.9,1.1,0.5,2.2,1.8,19.3,9757440
Anthony Edwards,4.8,3.8,1.5,0.6,2.6,2.3,21.3,10245480
Anthony Edwards,5.8,4.4,1.6,0.7,3.3,2.4,24.6,10733400
Anthony Gill,1.7,0.6,0.1,0.2,0.3,1.2,3.3,1836090
Anthony Tolliver,2.7,0.7,0.3,0.3,0.6,1.4,5,5750000
Anthony Tolliver,2.8,0.8,0.3,0.2,0.6,1.3,3.6,2854556
Antonio Blakeney,1.9,0.7,0.2,0.2,0.6,0.7,7.3,1349383
Armoni Brooks,1.9,1.1,0.5,0.2,0.5,1.4,5.3,1910221
Aron Baynes,4.7,1.1,0.2,0.7,0.8,2.5,5.6,5193600
Aron Baynes,5.6,1.6,0.2,0.5,1.2,3.4,11.5,5453280
Aron Baynes,5.2,0.9,0.3,0.4,0.9,2.2,6.1,7000000
Austin Reaves,3.2,1.8,0.5,0.3,0.7,1.4,7.3,925258
Austin Reaves,3,3.4,0.5,0.3,1.5,1.7,13,1563518
Austin Rivers,2.1,2.2,0.6,0.3,0.9,2.7,8.1,13155323
Austin Rivers,2.6,1.7,0.7,0.1,0.7,1.9,8.8,2174318
Austin Rivers,2.3,2.3,0.8,0.1,1,1.8,7.9,3799694
Austin Rivers,1.7,1.3,0.8,0.1,0.8,1.8,6,2401537
Austin Rivers,1.6,1.4,0.5,0.1,0.4,1.5,4.9,1836090
Avery Bradley,2.8,2.4,0.7,0.3,1.4,2.7,9.9,12000000
Avery Bradley,2.3,1.3,0.9,0.1,1,2.2,8.6,6767000
Avery Bradley,2.1,1.7,0.8,0.1,1,2,6.4,5635000
Avery Bradley,2.2,0.8,0.9,0.1,0.6,1.9,6.4,2641691
Ayo Dosunmu,2.8,3.3,0.8,0.4,1.4,2.4,8.8,925258
Ayo Dosunmu,2.8,2.6,0.8,0.3,1.2,2.3,8.6,1563518
Bam Adebayo,7.3,2.2,0.9,0.8,1.5,2.5,8.9,2955840
Bam Adebayo,10.2,5.1,1.1,1.3,2.8,2.5,15.9,3454080
Bam Adebayo,9,5.4,1.2,1,2.6,2.3,18.7,5115492
Bam Adebayo,10.1,3.4,1.4,0.8,2.6,3.1,19.1,28103550
Bam Adebayo,9.2,3.2,1.2,0.8,2.5,2.8,20.4,30351780
Ben McLemore,2.2,0.8,0.6,0.2,0.7,2.2,10.1,2028594
Ben McLemore,1.9,0.7,0.4,0.2,0.8,1.7,7.7,2738124
Ben McLemore,1.6,0.9,0.6,0.2,0.9,1.6,10.2,2389641
Ben Simmons,8.8,7.7,1.4,0.8,3.5,2.6,16.9,6434520
Ben Simmons,7.8,8,2.1,0.6,3.5,3.3,16.4,8113930
Ben Simmons,7.2,6.9,1.6,0.6,3,2.9,14.3,30559200
Ben Simmons,6.3,6.1,1.3,0.6,2.3,3.3,6.9,35448672
Bennedict Mathurin,4.1,1.5,0.6,0.2,1.9,2.1,16.7,6586800
Bismack Biyombo,4.6,0.6,0.2,0.8,0.6,1.9,4.4,17000000
Bismack Biyombo,5.8,0.9,0.2,0.9,0.9,2.2,7.4,17000000
Bismack Biyombo,5.3,1.2,0.3,1.1,1.1,2.1,5,3500000
Bismack Biyombo,4.6,0.6,0.3,0.7,0.7,1.9,5.8,1518213
Bismack Biyombo,4.3,0.9,0.3,1.4,0.8,1.9,4.3,1836090
Blake Griffin,7.5,5.4,0.7,0.4,3.4,2.7,24.5,32088932
Blake Griffin,4.7,3.3,0.4,0.4,2.2,1.5,15.5,34234964
Blake Griffin,4.9,3,0.7,0.3,1.3,2.4,11,33447548
Blake Griffin,4.1,1.9,0.5,0.3,0.6,1.7,6.4,32405817
Blake Griffin,3.8,1.5,0.3,0.2,0.5,1.8,4.1,1836090
Blake Wesley,2.2,2.7,0.7,0.1,1.8,1.8,5,2385480
Boban Marjanović,4.6,0.9,0.3,0.5,1,1.6,7.3,7000000
Bobby Portis,8.1,1.4,0.7,0.4,1.5,2.9,14.2,2494346
Bobby Portis,5.1,1.5,0.5,0.3,1.1,1.7,10.1,15000000
Bobby Portis,7.1,1.1,0.8,0.4,0.8,1.7,11.4,3623000
Bobby Portis,9.1,1.2,0.7,0.7,1.3,2.4,14.6,4347600
Bobby Portis,9.6,1.5,0.4,0.2,1.2,1.6,14.1,10843350
Bogdan Bogdanović,3.5,3.8,1,0.2,1.7,2,14.1,9000000
Bogdan Bogdanović,3.4,3.4,1,0.2,1.7,2.2,15.1,8529386
Bogdan Bogdanović,3.6,3.3,1.1,0.3,1.2,2.3,16.4,18000000
Bogdan Bogdanović,4,3.1,1.1,0.2,1.1,2.1,15.1,18000000
Bogdan Bogdanović,3.1,2.8,0.8,0.3,1.2,1.6,14,18000000
Bojan Bogdanović,4.1,2,0.9,0,1.7,1.7,18,10500000
Bojan Bogdanović,4.1,2.1,0.5,0.1,2.5,1.7,20.2,17000000
Bojan Bogdanović,3.9,1.9,0.6,0.1,1.8,1.6,17,17661000
Bojan Bogdanović,4.3,1.7,0.5,0,1.7,1.7,18.1,18502000
Bojan Bogdanović,3.8,2.6,0.6,0.1,2.3,1.9,21.6,19550000
Bol Bol,5.8,1,0.4,1.2,1.6,1.3,9.1,2200000
Brad Wanamaker,2,2.5,0.9,0.2,1.1,1.9,6.9,1355341
Brad Wanamaker,1.7,2.9,0.7,0.2,1.2,1.5,5.5,2250000
Bradley Beal,5,5.5,1.5,0.7,2.7,2.8,25.6,25434262
Bradley Beal,4.2,6.1,1.2,0.4,3.4,2.2,30.5,25399705
Bradley Beal,4.7,4.4,1.2,0.4,3.1,2.3,31.3,28751774
Bradley Beal,4.7,6.6,0.9,0.4,3.4,2.4,23.2,33724200
Bradley Beal,3.9,5.4,0.9,0.7,2.9,2.1,23.2,43279250
Brandon Boston Jr.,2.2,1,0.5,0.3,0.6,0.8,6.7,925258
Brandon Clarke,5.9,1.4,0.6,0.8,0.9,1.7,12.1,2478840
Brandon Clarke,5.6,1.6,1,0.9,0.6,1.4,10.3,2602920
Brandon Clarke,5.3,1.3,0.6,1.1,0.5,1.9,10.4,2726880
Brandon Clarke,5.5,1.3,0.6,0.7,1,2.3,10,4343920
Brandon Goodwin,1.5,2,0.4,0,0.8,0.9,4.9,1701593
Brandon Ingram,5.1,3,0.5,0.6,2.5,2.9,18.3,5757120
Brandon Ingram,6.1,4.2,1,0.6,3,2.9,23.8,7265485
Brandon Ingram,4.9,4.9,0.7,0.6,2.5,2,23.8,27285000
Brandon Ingram,5.8,5.6,0.6,0.5,2.7,2.2,22.7,29467800
Brandon Ingram,5.5,5.8,0.7,0.4,3.3,2.6,24.7,31650600
Brandon Knight,1.5,1.8,0.5,0.1,0.8,1.6,6.8,14631250
Brook Lopez,4.9,1.2,0.6,2.2,1,2.3,12.5,3382000
Brook Lopez,4.6,1.5,0.7,2.4,1,2.4,12,12093024
Brook Lopez,5,0.7,0.6,1.5,0.9,2.1,12.3,12697675
Brook Lopez,6.7,1.3,0.5,2.5,1.4,2.6,15.9,13906976
Bruce Brown,2.5,1.2,0.5,0.5,0.6,2.4,4.3,838464
Bruce Brown,4.7,4,1.1,0.5,1.7,2.8,8.9,1416852
Bruce Brown,5.4,1.6,0.9,0.4,0.8,2.2,8.8,1663861
Bruce Brown,4.8,2.1,1.1,0.7,0.8,2.4,9,4736102
Bruce Brown,4.1,3.4,1.1,0.6,1.5,2.4,11.5,6479000
Bruno Fernando,3.5,0.9,0.3,0.3,0.8,1.9,4.3,1400000
Bryce McGowens,2,1.2,0.3,0.1,0.9,1,5.3,1075000
Bryn Forbes,2.9,2.1,0.5,0,1,1.9,11.8,3125000
Bryn Forbes,2,1.7,0.5,0,0.9,1.8,11.2,2875000
Bryn Forbes,1.6,0.6,0.3,0,0.6,1.1,10,2337145
Bryn Forbes,1.2,1,0.3,0.1,0.7,1.3,8.8,4500000
Buddy Hield,5,2.5,0.7,0.4,1.8,2.5,20.7,3833760
Buddy Hield,4.6,3,0.9,0.2,2.3,2.3,19.2,4861208
Buddy Hield,4.7,3.6,0.9,0.4,1.8,2.5,16.6,24701834
Buddy Hield,4.4,2.8,0.9,0.3,1.9,2.3,15.6,22477273
Buddy Hield,5,2.8,1.2,0.3,1.7,2,16.8,21177750
CJ McCollum,4,3,0.8,0.4,1.5,2.5,21,25759766
CJ McCollum,4.2,4.4,0.8,0.6,1.8,2.6,22.2,27556959
CJ McCollum,3.9,4.7,0.9,0.4,1.4,1.9,23.1,29354152
CJ McCollum,4.3,5.1,1.1,0.4,2,2,22.1,30864198
CJ McCollum,4.4,5.7,0.9,0.5,2.4,2,20.9,33333333
C.J. Miles,1.8,0.7,0.5,0.3,0.6,1.5,6.4,8333333
Cade Cunningham,5.5,5.6,1.2,0.7,3.7,3.1,17.4,10050120
Caleb Houstan,1.9,0.6,0.2,0.1,0.4,1.2,3.8,2000000
Caleb Martin,2.7,1.3,0.7,0.2,0.6,1.2,5,1517981
Caleb Martin,4.8,1.6,1,0.4,1.1,2,9.6,6479000
Cam Reddish,3.7,1.5,1.1,0.5,1.7,2.3,10.5,4245720
Cam Reddish,4,1.3,1.3,0.3,1.3,2.6,11.2,4458000
Cam Reddish,2.1,1,1,0.3,1.2,1.2,10.1,4670160
Cam Reddish,2.2,1.4,1,0.4,1.2,1.8,9.7,5954454
Cameron Johnson,3.3,1.2,0.6,0.4,0.6,1.5,8.8,4033440
Cameron Johnson,3.3,1.4,0.6,0.3,0.7,1.4,9.6,4235160
Cameron Johnson,4.1,1.5,0.9,0.2,0.7,1.7,12.5,4437000
Cameron Johnson,4.4,1.9,1.2,0.3,0.9,2,15.5,5887899
Cameron Payne,1.8,2.7,0.7,0.2,1.1,1.6,6.3,3440357
Cameron Payne,2.4,3.6,0.6,0.3,1,1.6,8.4,1977011
Cameron Payne,3,4.9,0.7,0.3,1.8,2.1,10.8,6500000
Cameron Payne,2.2,4.5,0.7,0.2,1.7,1.8,10.3,6000000
Cam Thomas,2.4,1.2,0.5,0.1,0.8,1,8.5,2036280
Cam Thomas,1.7,1.4,0.4,0.1,1.1,1,10.6,2138160
Caris LeVert,3.8,3.9,1.1,0.4,1.7,1.9,13.7,1702800
Caris LeVert,4.2,4.4,1.2,0.2,2.6,1.8,18.7,2625718
Caris LeVert,4.6,5.2,1.4,0.6,2.2,2.2,20.2,16203704
Caris LeVert,3.7,4.3,0.9,0.4,1.9,2.3,17,17500000
Caris LeVert,3.8,3.9,1,0.3,1.6,2.3,12.1,18796296
Carmelo Anthony,6.3,1.5,0.8,0.5,1.7,2.9,15.4,2159029
Carmelo Anthony,3.1,1.5,0.7,0.6,0.9,2.1,13.4,1620564
Carmelo Anthony,4.2,1,0.7,0.8,0.9,2.4,13.3,2641691
Cedi Osman,4.7,2.6,0.8,0.1,1.5,2.6,13,2775000
Cedi Osman,3.6,2.4,0.8,0.2,1.4,2.5,11,2907143
Cedi Osman,3.4,2.9,0.9,0.2,1.4,2,10.4,8840580
Cedi Osman,2.2,2,0.8,0.2,1,1.9,10.7,8133334
Cedi Osman,2.3,1.5,0.5,0.1,0.7,1.6,8.7,7426088
Chandler Hutchison,4.2,0.8,0.5,0.1,0.6,1.3,5.2,1991520
Chandler Hutchison,3.9,0.9,1,0.3,1,1.7,7.8,2332320
Charles Bassey,5.5,1.3,0.5,0.9,1.2,2.1,5.7,2674742
Chasson Randle,1.1,2,0.5,0.1,0.9,1.9,5.5,991072
Cheick Diallo,5.2,0.5,0.5,0.5,0.8,1.8,6,1544951
Chimezie Metu,5.6,1,0.9,0.5,1,1.6,8.9,1762796
Chimezie Metu,3,0.6,0.3,0.3,0.5,1.2,4.9,1910860
Chris Boucher,4.5,0.4,0.4,1,0.5,1.8,6.6,1488967
Chris Boucher,6.7,1.1,0.6,1.9,0.8,2.8,13.6,6500000
Chris Boucher,6.2,0.3,0.6,0.9,0.5,2.2,9.4,7020000
Chris Boucher,5.5,0.4,0.6,0.8,0.5,1.9,9.4,12690000
Chris Duarte,4.1,2.1,1,0.2,1.6,1.7,13.1,3749520
Chris Duarte,2.5,1.4,0.5,0.2,0.9,1.4,7.9,3936960
Chris Paul,4.6,8.2,2,0.3,2.6,2.5,15.6,35654150
Chris Paul,5,6.7,1.6,0.2,2.3,2.3,17.6,38506482
Chris Paul,4.5,8.9,1.4,0.3,2.2,2.4,16.4,41358814
Chris Paul,4.4,10.8,1.9,0.3,2.4,2.1,14.7,30800000
Chris Paul,4.3,8.9,1.5,0.4,1.9,2.1,13.9,28400000
Christian Braun,2.4,0.8,0.5,0.2,0.5,1.3,4.7,2808600
Christian Koloko,2.9,0.5,0.4,1,0.3,2.2,3.1,1500000
Christian Wood,6.3,1,0.5,0.9,1.4,1.6,13.1,1645357
Christian Wood,9.6,1.7,0.8,1.2,2,2.1,21,13015874
Christian Wood,10.1,2.3,0.8,1,1.9,2.5,17.9,13666667
Christian Wood,7.3,1.8,0.4,1.1,1.8,2.5,16.6,14317459
Chuma Okeke,4,2.2,1.1,0.5,0.8,1.1,7.8,3121080
Chuma Okeke,5,1.7,1.4,0.6,0.8,1.4,8.6,3277080
Chuma Okeke,3.6,1.4,0.7,0.4,0.6,1.5,4.7,3433320
CJ Elleby,3.9,1.5,0.6,0.3,1,2,5.8,1517981
Clint Capela,12.7,1.4,0.7,1.5,1.4,2.5,16.6,15293104
Clint Capela,13.8,1.2,0.8,1.8,1.6,2.6,13.9,14896552
Clint Capela,14.3,0.8,0.7,2,1.2,2.3,15.2,16000000
Clint Capela,11.9,1.2,0.7,1.3,0.6,2.2,11.1,17103448
Clint Capela,11,0.9,0.7,1.2,0.8,2.1,12,18706897
Coby White,3.5,2.7,0.8,0.1,1.7,1.8,13.2,5307120
Coby White,4.1,4.8,0.6,0.2,2.3,2.6,15.1,5572680
Coby White,3,2.9,0.5,0.2,1.1,2.2,12.7,5837760
Coby White,2.9,2.8,0.7,0.1,1,1.6,9.7,7413955
Cody Martin,3.3,2,0.8,0.2,0.9,1.6,5,1173310
Cody Martin,3.1,1.7,0.7,0.2,0.8,1,4,1517981
Cody Martin,4,2.5,1.2,0.5,0.9,1.6,7.7,1782621
Cody Zeller,6.8,2.1,0.8,0.8,1.3,3.3,10.1,13528090
Cody Zeller,7.1,1.5,0.7,0.4,1.3,2.4,11.1,14471910
Cody Zeller,6.8,1.8,0.6,0.4,1.1,2.5,9.4,15415730
Cole Anthony,4.7,4.1,0.6,0.4,2.3,2.1,12.9,3285120
Cole Anthony,5.4,5.7,0.7,0.3,2.6,2.6,16.3,3449400
Cole Anthony,4.8,3.9,0.6,0.5,1.5,2.6,13,3613680
Collin Sexton,2.9,3,0.5,0.1,2.3,2.3,16.7,4068600
Collin Sexton,3.1,3,1,0.1,2.4,2.2,20.8,4764960
Collin Sexton,3.1,4.4,1,0.2,2.8,2.6,24.3,4991880
Collin Sexton,2.2,2.9,0.6,0.1,1.8,2.3,14.3,16500000
Corey Kispert,2.7,1.1,0.5,0.3,0.6,1.2,8.2,3383640
Corey Kispert,2.8,1.2,0.4,0.1,0.7,1.3,11.1,3552840
Cory Joseph,3.4,3.9,1.1,0.3,1,1.6,6.5,7945000
Cory Joseph,2.6,3.5,0.7,0.3,1.1,1.8,6.4,12000000
Cory Joseph,2.5,3.4,1,0.3,1.3,2.2,8.2,12600000
Cory Joseph,2.7,3.6,0.6,0.3,1.3,2.3,8,7310000
Cory Joseph,1.7,3.5,0.5,0.1,0.9,1.4,6.9,5155500
Cristiano Felício,3.6,0.6,0.2,0.1,0.6,1.2,4,8470980
D.J. Augustin,2.5,5.3,0.6,0,1.6,1.4,11.7,7250000
D.J. Augustin,2.1,4.6,0.6,0,1.5,1.3,10.5,7250000
D.J. Augustin,1.6,3.3,0.5,0,1.1,1,7.7,6666667
D.J. Augustin,1.2,1.9,0.3,0,1,0.7,5.3,7622467
D.J. Wilson,4.6,1.1,0.4,0.4,0.7,1.8,5.8,2534280
D'Angelo Russell,3.9,7,1.2,0.2,3.1,1.7,21.1,7019698
D'Angelo Russell,3.9,6.3,1.1,0.3,3.3,1.9,23.1,27285000
D'Angelo Russell,2.6,5.8,1.1,0.4,2.7,1.6,19,28649250
D'Angelo Russell,3.3,7.1,1,0.3,2.5,2,18.1,30013500
D'Angelo Russell,3,6.2,1,0.4,2.6,2,17.8,31377750
Daishen Nix,1.7,2.3,0.5,0.1,1.5,1,4,1563518
Dalano Banton,1.9,1.5,0.4,0.2,0.8,1.1,3.2,925258
Damian Jones,3.7,0.6,0.5,0.7,0.5,2.7,5.6,2305057
Damian Jones,3.1,0.7,0.3,0.7,0.7,2,4.7,1467242
Damian Jones,4.4,1.2,0.5,0.8,1.1,2.3,8.1,1977011
Damian Lillard,4.6,6.9,1.1,0.4,2.7,1.9,25.8,27977689
Damian Lillard,4.3,8,1.1,0.3,2.9,1.7,30,29802321
Damian Lillard,4.2,7.5,0.9,0.3,3,1.5,28.8,31626953
Damian Lillard,4.1,7.3,0.6,0.4,2.9,1.3,24,39344900
Damian Lillard,4.8,7.3,0.9,0.3,3.3,1.9,32.2,42492492
Damion Lee,3.2,1.3,0.7,0.1,0.5,1.6,6.5,1762796
Damion Lee,3.2,1,0.6,0.1,0.6,1.5,7.4,1910860
Damion Lee,3,1.3,0.4,0.1,1.1,1.6,8.2,1836090
Damyean Dotson,3.6,1.8,0.8,0.1,1,1.8,10.7,1378242
Damyean Dotson,1.9,1.2,0.5,0.1,0.4,0.9,6.7,1618520
Damyean Dotson,2,2,0.3,0.1,0.9,0.9,6.7,2000000
Daniel Gafford,2.5,0.5,0.3,1.3,0.7,2.3,5.1,898310
Daniel Gafford,4.3,0.5,0.5,1.4,0.8,1.8,7,1517981
Daniel Gafford,5.7,0.9,0.4,1.4,0.9,2.4,9.4,1782621
Daniel Gafford,5.6,1.1,0.4,1.3,1.1,2.4,9,1930681
Daniel Theis,3.4,1,0.3,0.6,0.5,2.4,5.7,1378242
Daniel Theis,6.6,1.7,0.6,1.3,0.8,3.4,9.2,5000000
Daniel Theis,5.5,1.7,0.6,0.9,1,2.6,9.6,5000000
Daniel Theis,4.9,0.9,0.4,0.7,1,2.4,8.2,8280351
Danilo Gallinari,6.1,2.6,0.7,0.3,1.5,1.9,19.8,21587579
Danilo Gallinari,5.2,1.9,0.7,0.1,1.2,1.2,18.7,22615559
Danilo Gallinari,4.1,1.5,0.6,0.2,0.8,2.1,13.3,19500000
Danilo Gallinari,4.7,1.5,0.4,0.2,0.6,1.4,11.7,20475000
Danny Green,4,1.6,0.9,0.7,0.9,2.1,10.3,10000000
Danny Green,3.3,1.3,1.3,0.5,0.9,2,8,14634146
Danny Green,3.8,1.7,1.3,0.8,1,1.8,9.5,15365853
Danny Green,2.5,1,1,0.6,0.7,1.7,5.9,10000000
Dante Cunningham,2.9,0.8,0.4,0.2,0.3,1.1,3,2487000
Dante Exum,1.6,2.6,0.3,0.1,1.2,1.6,6.9,9100000
Danuel House Jr.,4.2,1.3,1.1,0.5,0.9,2.1,10.5,3540000
Danuel House Jr.,3.7,1.9,0.6,0.4,1,1.9,8.8,3717000
Danuel House Jr.,2.6,1,0.5,0.4,0.8,1.2,5.9,2490922
Danuel House Jr.,1.7,0.8,0.3,0.2,0.5,1.2,4.8,4105000
Dario Šarić,5.6,1.6,0.6,0.1,1.2,2.2,10.6,2526840
Dario Šarić,6.2,1.9,0.6,0.2,1.3,2.4,10.7,3481986
Dario Šarić,3.8,1.3,0.6,0.1,1.1,1.9,8.7,9250000
Dario Šarić,3.6,1.3,0.4,0.1,1,1.7,6.4,9240000
Darius Bazley,4,0.7,0.4,0.7,0.7,0.9,5.6,2284800
Darius Bazley,7.2,1.8,0.5,0.5,2.2,1.1,13.7,2399160
Darius Bazley,6.3,1.4,0.8,1,1.3,1,10.8,2513040
Darius Bazley,3.2,0.9,0.5,0.8,0.6,1,5.2,4264629
Darius Garland,1.9,3.9,0.7,0.1,2.6,1.6,12.3,6400920
Darius Garland,2.4,6.1,1.2,0.1,3,2,17.4,6720720
Darius Garland,3.3,8.6,1.3,0.1,3.6,1.7,21.7,7040880
Darius Garland,2.7,7.8,1.2,0.1,2.9,2.1,21.6,8920795
Darius Miller,1.9,2.1,0.6,0.3,0.9,2.4,8.2,2205000
Darren Collison,3.1,6,1.4,0.1,1.6,1.8,11.2,10000000
David Nwaba,3.2,1.1,0.7,0.3,0.6,2.1,6.5,1512601
David Nwaba,3.9,1,1,0.7,0.6,2,9.2,1824003
David Nwaba,3.3,0.8,0.6,0.4,0.5,1.2,5.1,4650000
David Roddy,2.8,0.8,0.4,0.3,0.8,1.5,6.7,2588640
Davion Mitchell,2.2,4.2,0.7,0.3,1.5,1.9,11.5,4603200
Davion Mitchell,1.3,2.3,0.6,0.2,0.8,1.4,5.6,4833600
Dāvis Bertāns,3.5,1.3,0.5,0.4,0.6,1.8,8,7000000
Dāvis Bertāns,2.9,0.9,0.6,0.2,0.6,2.4,11.5,15000000
Dāvis Bertāns,2.1,0.6,0.3,0.2,0.3,1.5,5.6,16000000
Day'Ron Sharpe,4.2,0.8,0.3,0.7,0.9,1.9,4.7,2109480
De'Aaron Fox,3.8,7.3,1.6,0.6,2.8,2.5,17.3,5470920
De'Aaron Fox,3.8,6.8,1.5,0.5,3.1,2.8,21.1,6392760
De'Aaron Fox,3.5,7.2,1.5,0.5,3,2.9,25.2,8099627
De'Aaron Fox,3.9,5.6,1.2,0.4,2.8,2.9,23.2,28103500
De'Aaron Fox,4.2,6.1,1.1,0.3,2.5,2.4,25,30351780
De'Andre Hunter,4.5,1.8,0.7,0.3,1.6,2.9,12.3,7068360
De'Andre Hunter,4.8,1.9,0.8,0.5,1.3,2.6,15,7422000
De'Andre Hunter,3.3,1.3,0.7,0.4,1.3,2.9,13.4,7775400
De'Andre Hunter,4.2,1.4,0.5,0.3,1.2,3,15.4,9835881
De'Anthony Melton,2.7,3.2,1.4,0.5,1.5,2.3,5,949000
De'Anthony Melton,3.7,2.9,1.3,0.3,1.4,1.8,7.6,1416852
De'Anthony Melton,3.1,2.5,1.2,0.6,1.3,1.6,9.1,9571712
De'Anthony Melton,4.5,2.7,1.4,0.5,1.5,1.8,10.8,8805976
De'Anthony Melton,4.1,2.6,1.6,0.5,1.3,2.5,10.1,8250000
Dean Wade,3.4,1.2,0.6,0.3,0.5,1.2,6,1517981
Dean Wade,2.9,1,0.6,0.1,0.3,1.7,5.3,1782621
Dean Wade,3.4,0.8,0.6,0.5,0.4,2,4.7,1930681
Deandre Ayton,10.3,1.8,0.9,0.9,1.8,2.9,16.3,8165160
Deandre Ayton,11.5,1.9,0.7,1.5,2.1,3.1,18.2,9562920
Deandre Ayton,10.5,1.4,0.6,1.2,1.5,2.8,14.4,10018200
Deandre Ayton,10.2,1.4,0.7,0.7,1.6,2.4,17.2,12632950
Deandre Ayton,10,1.7,0.6,0.8,1.8,2.8,18,30913750
DeAndre Jordan,13.1,2.3,0.6,1.1,2.2,2.4,11,22897200
DeAndre Jordan,10,1.9,0.3,0.9,1.3,2,8.3,9881598
DeAndre Jordan,7.5,1.6,0.3,1.1,1.5,2,7.5,10375678
DeAndre Jordan,5.5,0.4,0.3,0.7,0.8,1.5,4.3,11109327
DeAndre Jordan,5.2,0.9,0.3,0.6,1.2,1.8,5.1,9663997
DeAndre' Bembry,4.4,2.5,1.3,0.5,1.7,2.3,8.4,1634640
DeAndre' Bembry,3.5,1.9,1.3,0.4,1.4,2,5.8,2603982
DeAndre' Bembry,2.9,2.1,1,0.4,1.4,1.7,5.7,1737145
DeAndre' Bembry,2.9,1.2,0.9,0.4,0.6,2,5.1,2541217
Dejounte Murray,5.8,4.1,1.7,0.3,1.9,2.2,10.9,2321735
Dejounte Murray,7.1,5.4,1.5,0.1,1.7,2,15.7,14286000
Dejounte Murray,8.3,9.2,2,0.3,2.6,2,21.1,15428880
Dejounte Murray,5.3,6.1,1.5,0.3,2.2,1.4,20.5,16571120
Delon Wright,3.5,3.3,1.2,0.4,1,1.4,8.7,2536898
Delon Wright,3.8,3.3,1.2,0.3,1,1.3,6.9,9473684
Delon Wright,4.3,4.4,1.6,0.5,1.3,1.2,10.2,9000000
Delon Wright,2.9,2.4,1.2,0.2,0.6,0.7,4.4,8526316
Delon Wright,3.6,3.9,1.8,0.3,0.9,1.2,7.4,7804878
DeMar DeRozan,6,6.2,1.1,0.5,2.6,2.3,21.2,27739975
DeMar DeRozan,5.5,5.6,1,0.3,2.4,2.6,22.1,27739975
DeMar DeRozan,4.2,6.9,0.9,0.2,2,2.1,21.6,27739975
DeMar DeRozan,5.2,4.9,0.9,0.3,2.4,2.3,27.9,26000000
DeMar DeRozan,4.6,5.1,1.1,0.5,2.1,2.5,24.5,27300000
DeMarcus Cousins,8.2,3.6,1.3,1.5,2.4,3.6,16.3,5337000
DeMarcus Cousins,6.4,1.9,0.8,0.6,1.6,2.6,8.9,2075655
DeMarcus Cousins,5.6,1.5,0.7,0.4,1.8,2.9,9,1745944
DeMarre Carroll,5.2,1.3,0.5,0.1,1.1,1.7,11.1,15400000
Deni Avdija,4.9,1.2,0.6,0.3,0.6,2.6,6.3,4469160
Deni Avdija,5.2,2,0.7,0.5,1.1,2.3,8.4,4692840
Deni Avdija,6.4,2.8,0.9,0.4,1.6,2.8,9.2,4916160
Dennis Schröder,3.6,4.1,0.8,0.2,2.2,2.4,15.5,15500000
Dennis Schröder,3.6,4,0.7,0.2,2.6,2.2,18.9,15500000
Dennis Schröder,3.5,5.8,1.1,0.2,2.7,2.6,15.4,16000000
Dennis Schröder,3.3,4.6,0.8,0.1,2.2,2.4,13.5,5890000
Dennis Schröder,2.5,4.5,0.8,0.2,1.7,2.2,12.6,1836090
Dennis Smith Jr.,2.9,4.8,1.3,0.4,2.9,2.4,13.6,3819960
Dennis Smith Jr.,2.3,2.9,0.8,0.2,1.7,1.9,5.5,4463640
Dennis Smith Jr.,2.4,3.6,1.2,0.3,1.4,1.4,5.6,1789256
Dennis Smith Jr.,3.1,4.8,1.4,0.5,1.5,2.3,8.8,1836090
Denzel Valentine,3.2,1.7,0.5,0.1,0.7,1.1,6.5,4642800
Derrick Favors,7.4,1.2,0.7,1.4,1.1,2.1,11.8,16000000
Derrick Favors,9.8,1.6,0.6,0.9,1.1,2.1,9,17650000
Derrick Favors,5.5,0.6,0.5,1,0.5,2.1,5.4,9258000
Derrick Favors,4.7,0.6,0.4,0.3,0.2,1.6,5.3,9720900
Derrick Jones Jr.,4,0.6,0.8,0.7,0.7,2.1,7,1512601
Derrick Jones Jr.,3.9,1.1,1,0.6,0.5,2.2,8.5,1645357
Derrick Jones Jr.,3.5,0.8,0.6,0.9,0.6,2.2,6.8,9258000
Derrick Jones Jr.,3.3,0.6,0.5,0.6,0.6,2.1,5.6,9720900
Derrick Jones Jr.,2.4,0.5,0.5,0.6,0.4,1.3,5,3200000
Derrick Rose,2.7,4.3,0.6,0.2,1.6,1.1,18,2176260
Derrick Rose,2.4,5.6,0.8,0.3,2.5,1,18.1,7317073
Derrick Rose,2.6,4.2,1,0.4,1.6,1.1,14.7,7682926
Derrick Rose,3,4,0.8,0.5,1.5,0.6,12,13445120
Derrick White,3.7,3.9,1,0.7,1.4,2.2,9.9,1667160
Derrick White,3.3,3.5,0.6,0.9,1.3,2.2,11.3,1948080
Derrick White,3,3.5,0.7,1,1.3,2.5,15.4,3516284
Derrick White,3.5,4.9,0.9,0.8,1.6,2.3,13.2,15178571
Derrick White,3.6,3.9,0.7,0.9,1.2,2.2,12.4,16892857
Desmond Bane,3.1,1.7,0.6,0.2,0.9,1.8,9.2,1936440
Desmond Bane,4.4,2.7,1.2,0.4,1.5,2.6,18.2,2033160
Desmond Bane,5,4.4,1,0.4,2.2,2.6,21.5,2130240
Devin Booker,4.1,6.8,0.9,0.2,4.1,3.1,26.6,3314365
Devin Booker,4.2,6.5,0.7,0.3,3.8,3,26.6,27285000
Devin Booker,4.2,4.3,0.8,0.2,3.1,2.7,25.6,29467800
Devin Booker,5,4.8,1.1,0.4,2.4,2.6,26.8,31650600
Devin Booker,4.5,5.5,1,0.3,2.7,3,27.8,33833400
Devin Harris,1.6,1.8,0.5,0.2,0.8,2,6.3,2393887
Devin Vassell,2.8,0.9,0.7,0.3,0.4,1.4,5.5,4033440
Devin Vassell,4.3,1.9,1.1,0.6,0.8,2,12.3,4235160
Devin Vassell,3.9,3.6,1.1,0.4,1.5,1.5,18.5,4437000
Devonte' Graham,1.4,2.6,0.5,0,0.7,1,4.7,988464
Devonte' Graham,3.4,7.5,1,0.2,2.9,1.8,18.2,1416852
Devonte' Graham,2.7,5.4,0.9,0.1,1.5,1.4,14.8,1663861
Devonte' Graham,2.3,4.2,0.9,0.2,1.4,1.3,11.9,11000000
Devonte' Graham,1.7,2.7,0.6,0.2,0.7,1.1,7.4,11550000
Dewayne Dedmon,7.5,1.4,1.1,1.1,1.3,3.3,10.8,7200000
Dewayne Dedmon,5.7,0.5,0.6,0.9,1.3,3,5.8,13333333
Dewayne Dedmon,5.8,0.7,0.4,0.6,1,2.6,6.3,5256308
Dāvis Bertāns,4.5,1.7,0.7,0.6,1.1,2.6,15.4,7000000
Dillon Brooks,3.3,2.1,0.9,0.4,1.7,3.8,16.2,1618520
Dillon Brooks,2.9,2.3,1.2,0.4,1.8,3.5,17.2,11400000
Dillon Brooks,3.2,2.8,1.1,0.3,1.6,3.3,18.4,12200000
Dillon Brooks,3.3,2.6,0.9,0.2,1.4,3.3,14.3,11400000
Dion Waiters,2.6,2.8,0.7,0.2,1.5,1.6,12,11550000
Dirk Nowitzki*,3.1,0.7,0.2,0.4,0.4,1.5,7.3,5000000
Domantas Sabonis,9.3,2.9,0.6,0.4,2.2,3.2,14.1,2659800
Domantas Sabonis,12.4,5,0.8,0.5,2.7,3.1,18.5,3529555
Domantas Sabonis,12,6.7,1.2,0.5,3.4,3.3,20.3,19800000
Domantas Sabonis,12.1,5.2,1,0.4,3.1,3.3,18.9,18500000
Domantas Sabonis,12.3,7.3,0.8,0.5,2.9,3.5,19.1,18500000
Donovan Mitchell,4.1,4.2,1.4,0.4,2.8,2.7,23.8,3111480
Donovan Mitchell,4.4,4.3,1,0.2,2.7,2.5,24,3635760
Donovan Mitchell,4.4,5.2,1,0.3,2.8,2.2,26.4,5195501
Donovan Mitchell,4.2,5.3,1.5,0.2,3,2.4,25.9,28103500
Donovan Mitchell,4.3,4.4,1.5,0.4,2.6,2.5,28.3,30913750
Donte DiVincenzo,4.8,2.3,1.3,0.3,1.4,1.7,9.2,2905800
Donte DiVincenzo,5.8,3.1,1.1,0.2,1.4,1.7,10.4,3044160
Donte DiVincenzo,4,2.8,1.1,0.2,1.7,1.6,9,4675830
Donte DiVincenzo,4.5,3.5,1.3,0.1,1.6,1.8,9.4,4500000
Dorian Finney-Smith,4.8,1.2,0.9,0.4,0.9,2.3,7.5,1544951
Dorian Finney-Smith,5.7,1.6,0.6,0.5,1,2.5,9.5,4000000
Dorian Finney-Smith,5.4,1.7,0.9,0.4,0.8,2.3,9.8,4000000
Dorian Finney-Smith,4.7,1.9,1.1,0.5,1,2.3,11,4000000
Dorian Finney-Smith,4.8,1.5,0.8,0.5,0.9,2.2,8.3,12939848
Doug McDermott,1.4,0.9,0.2,0.1,0.5,1.4,7.3,7333334
Doug McDermott,2.5,1.1,0.2,0.1,0.6,1.7,10.3,7333334
Doug McDermott,3.3,1.3,0.3,0.1,0.8,1.8,13.6,7333333
Doug McDermott,2.3,1.3,0.3,0.1,0.8,1.5,11.3,13750000
Doug McDermott,2.2,1.4,0.2,0.1,0.9,1.8,10.2,13750000
Dragan Bender,4,1.2,0.4,0.5,0.8,2,5,4661280
Draymond Green,7.3,6.9,1.4,1.1,2.6,3,7.4,17469565
Draymond Green,6.2,6.2,1.4,0.8,2.3,2.6,8,18539130
Draymond Green,7.1,8.9,1.7,0.8,3,3.1,7,22246956
Draymond Green,7.3,7,1.3,1.1,3,3,7.5,24026712
Draymond Green,7.2,6.8,1,0.8,2.8,3.1,8.5,25806468
Drew Eubanks,4.5,0.8,0.3,0.9,0.8,1.6,5.8,1620564
Drew Eubanks,5.4,1.2,0.4,0.6,1.1,1.7,7.7,2239820
Drew Eubanks,5.4,1.3,0.5,1.3,0.9,2.2,6.6,1836090
Duane Washington Jr.,1.7,1.8,0.5,0.1,1.2,1.4,9.9,950000
Duncan Robinson,3.2,1.4,0.5,0.3,1,2.6,13.5,1416852
Duncan Robinson,3.5,1.8,0.6,0.3,1.1,2.5,13.1,1663861
Duncan Robinson,2.6,1.6,0.5,0.2,0.8,2.5,10.9,15560000
Duncan Robinson,1.6,1.1,0.3,0,0.7,1.8,6.4,16902000
Dwayne Bacon,2.1,1.1,0.3,0.1,0.4,1.7,7.3,1378242
Dwayne Bacon,2.6,1.3,0.6,0.1,0.9,1.3,5.7,1618520
Dwayne Bacon,3.1,1.3,0.6,0.1,0.6,1.4,10.9,1678854
Dwight Howard,7.3,0.7,0.4,1.1,1.2,3.2,7.5,5603850
Dwight Howard,8.4,0.9,0.4,0.9,1.6,2.9,7,1620564
Dwight Howard,5.9,0.6,0.6,0.6,0.8,1.9,6.2,2641691
Dwight Powell,5.3,1.5,0.6,0.6,0.9,2.6,10.6,9631250
Dwight Powell,5.7,1.5,0.9,0.6,0.9,2.6,9.4,10259375
Dwight Powell,4,1.1,0.6,0.5,0.7,2.3,5.9,11080125
Dwight Powell,4.9,1.2,0.5,0.5,0.8,2.7,8.7,11080125
Dwight Powell,4.1,0.9,0.6,0.3,0.9,2.8,6.7,11080125
Dwyane Wade*,4,4.2,0.8,0.5,2.3,1.6,15,2393887
Dylan Windler,3.5,1.1,0.6,0.4,1,1.2,5.2,2137440
Dyson Daniels,3.2,2.3,0.7,0.2,1,1.7,3.8,5508600
E'Twaun Moore,2.4,1.9,0.8,0.2,1.1,2.1,11.9,8808685
E'Twaun Moore,2.3,1.4,0.6,0.2,0.7,1.4,8.3,8664928
Ed Davis,8.6,0.8,0.4,0.4,0.8,2.8,5.8,4449000
Edmond Sumner,1.8,0.9,0.6,0.2,1,1.7,7.5,2160000
Edmond Sumner,1.5,1.3,0.6,0.2,0.9,1.6,7.1,1968175
Elfrid Payton,5.2,7.6,1,0.4,2.7,1.9,10.6,3000000
Elfrid Payton,4.7,7.2,1.6,0.4,2.1,2,10,8000000
Elfrid Payton,3.4,3.2,0.7,0.1,1.6,1.8,10.1,5767000
Elfrid Payton,1.8,2,0.5,0.1,0.9,0.8,3,2239544
Elie Okobo,1.8,2.4,0.6,0.1,1.3,2.1,5.7,1238464
Elie Okobo,1.6,2.1,0.4,0.1,0.7,1,4,1416852
Emmanuel Mudiay,3.3,3.9,0.7,0.3,2.4,1.7,14.8,4294480
Emmanuel Mudiay,2.3,2.1,0.4,0.2,1.4,1.3,7.3,1737145
Enes Freedom,7.4,1,0.4,0.7,1,1.7,8.1,4767000
Enes Freedom,11,1.2,0.5,0.7,1.1,2.3,11.2,5005350
Enes Freedom,9.8,1.7,0.5,0.4,1.8,2.5,13.7,19276070
Eric Bledsoe,4.6,5.5,1.5,0.4,2.1,2,15.9,15000000
Eric Bledsoe,4.6,5.4,0.9,0.4,2.4,2.1,14.9,15625000
Eric Bledsoe,3.4,3.8,0.8,0.3,1.6,1.6,12.2,16875000
Eric Bledsoe,3.4,4.2,1.3,0.4,2.1,1.6,9.9,18125000
Eric Gordon,2.2,1.9,0.6,0.4,1.3,2.1,16.2,13500375
Eric Gordon,2,1.5,0.6,0.4,1.2,1.9,14.4,14057730
Eric Gordon,2.1,2.6,0.5,0.5,1.9,1.6,17.8,16869276
Eric Gordon,2,2.7,0.5,0.3,1.9,1.1,13.4,18218818
Eric Gordon,1.9,2.7,0.6,0.4,1.5,1.1,12.4,19568360
Eric Paschall,4.6,2.1,0.5,0.2,1.6,2.1,14,898310
Eric Paschall,3.2,1.3,0.3,0.2,1.1,1.7,9.5,1517981
Eric Paschall,1.8,0.6,0.2,0.1,0.5,0.9,5.8,1782621
Ersan İlyasova,4.5,0.8,0.5,0.3,0.7,2.6,6.8,7000000
Ersan İlyasova,4.8,0.8,0.4,0.3,0.5,1.5,6.6,7000000
Evan Fournier,3.2,3.6,0.9,0.1,1.9,2.8,15.1,17000000
Evan Fournier,2.6,3.2,1.1,0.2,1.9,2.4,18.5,17000000
Evan Fournier,3,3.4,1.1,0.5,1.7,2.3,17.1,17450000
Evan Fournier,2.6,2.1,1,0.3,1.3,2.3,14.1,17142857
Evan Mobley,8.3,2.5,0.8,1.7,1.9,2.1,15,8075160
Evan Mobley,9,2.8,0.8,1.5,1.8,2.8,16.2,8478720
Evan Turner,4.5,3.9,0.5,0.2,1.6,1.5,6.8,17868853
Facundo Campazzo,2.1,3.6,1.2,0.2,1.1,2,6.1,3100000
Facundo Campazzo,1.8,3.4,1,0.4,1,1.9,5.1,2975000
Frank Jackson,2.2,1.1,0.4,0,0.8,1.5,8.1,1378242
Frank Jackson,1.4,1,0.3,0.1,0.8,1.3,6.3,1618520
Frank Jackson,1.6,1,0.5,0.2,0.7,1.7,10.6,3000000
Frank Kaminsky,3.5,1.3,0.3,0.3,0.9,1.4,8.6,3627842
Frank Kaminsky,4.5,1.9,0.4,0.3,0.9,1.9,9.7,4767000
Frank Kaminsky,4,1.7,0.3,0.4,0.5,1.5,6.6,1620564
Frank Ntilikina,2,2.8,0.7,0.3,1.3,2.4,5.7,4155720
Frank Ntilikina,2.1,3,0.9,0.3,1.2,2.5,6.3,4855800
Frank Ntilikina,1.4,1.2,0.5,0.1,0.5,1.1,4.1,1789256
Frank Ntilikina,1.3,1.2,0.3,0.1,0.6,1.4,2.9,2036318
Franz Wagner,4.5,2.9,0.9,0.4,1.5,2.1,15.2,5007840
Franz Wagner,4.1,3.5,1,0.2,2.1,2.3,18.6,5258280
Fred VanVleet,2.6,4.8,0.9,0.3,1.3,1.7,11,8653847
Fred VanVleet,3.8,6.6,1.9,0.3,2.2,2.4,17.6,9346153
Fred VanVleet,4.2,6.3,1.7,0.7,1.8,2.3,19.6,21250000
Fred VanVleet,4.4,6.7,1.7,0.5,2.6,2.5,20.3,19675926
Fred VanVleet,4.1,7.2,1.8,0.6,2,2.8,19.3,21250000
Furkan Korkmaz,2.2,1.1,0.6,0,0.5,1.3,5.8,1740000
Furkan Korkmaz,2.3,1.1,0.6,0.2,0.8,1.4,9.8,1620564
Furkan Korkmaz,2.1,1.5,0.9,0.2,0.8,1.2,9.1,1762796
Furkan Korkmaz,2.6,1.9,0.5,0.1,0.7,0.9,7.6,4629630
Gabe Vincent,1.9,3.1,0.9,0.2,1.4,2.3,8.7,1669178
Gabe Vincent,2.1,2.5,0.9,0.1,1.4,2.3,9.4,1815677
Garrett Temple,2.9,1.4,1,0.4,0.9,2.7,7.8,8000000
Garrett Temple,3.5,2.5,0.8,0.5,1,1.7,10.3,4767000
Garrett Temple,2.9,2.2,0.8,0.5,1,2.3,7.6,4767000
Garrett Temple,2.4,1.3,0.7,0.4,0.7,1.4,5.2,4910000
Garrison Mathews,2.9,1,0.9,0.4,0.6,2.6,10,2000000
Garrison Mathews,1.4,0.5,0.4,0.1,0.4,1.1,4.8,2000000
Gary Clark,2.6,0.4,0.1,0.5,0.2,1.1,3.7,1427191
Gary Clark,2.9,0.8,0.3,0.2,0.4,0.9,3.1,2000000
Gary Harris,2.8,2.2,1,0.3,1.2,2,12.9,16517857
Gary Harris,2.9,2.1,1.4,0.3,1.1,2.1,10.4,17839286
Gary Harris,2,2,0.7,0.3,0.9,1.8,9.9,19160714
Gary Harris,2,1.8,1,0.1,1,1.8,11.1,20482143
Gary Harris,2,1.2,0.9,0.3,0.6,1.9,8.3,13000000
Gary Payton II,3.5,0.9,1.4,0.3,0.6,1.8,7.1,1939350
Gary Trent Jr.,1.6,1,0.8,0.3,0.3,1.5,8.9,1416852
Gary Trent Jr.,2.6,1.4,1,0.2,0.7,1.6,15.3,1663861
Gary Trent Jr.,2.7,2,1.7,0.3,1,2.1,18.3,16000000
Gary Trent Jr.,2.6,1.6,1.6,0.2,0.8,1.5,17.4,17505000
George Hill,2.5,2.3,0.9,0.1,0.9,1.7,7.6,19000000
George Hill,3,3.1,0.8,0.1,1,1.4,9.4,10133907
George Hill,2,2.4,0.8,0.2,1,1,8.7,9590602
George Hill,2.9,2.2,0.8,0.1,0.8,1.3,6.2,5275491
George Hill,1.8,2.4,0.6,0.1,0.7,1.2,5,4000000
Georges Niang,1.5,0.6,0.2,0.1,0.4,1,4,1512601
Georges Niang,1.9,0.7,0.3,0.1,0.5,1.1,5.9,1678854
Georges Niang,2.4,0.8,0.3,0.1,0.7,1.6,6.9,1783557
Georges Niang,2.7,1.3,0.4,0.2,0.8,2.5,9.2,3300000
Georges Niang,2.4,1,0.4,0.2,0.7,1.9,8.2,3465000
Gerald Green,2.5,0.5,0.5,0.4,0.8,1.7,9.2,2393887
Giannis Antetokounmpo,12.5,5.9,1.3,1.5,3.7,3.2,27.7,24157304
Giannis Antetokounmpo,13.6,5.6,1,1,3.7,3.1,29.5,25842697
Giannis Antetokounmpo,11,5.9,1.2,1.2,3.4,2.8,28.1,27528088
Giannis Antetokounmpo,11.6,5.8,1.1,1.4,3.3,3.2,29.9,39344970
Giannis Antetokounmpo,11.8,5.7,0.8,0.8,3.9,3.1,31.1,42492492
Glenn Robinson III,1.5,0.4,0.3,0.2,0.4,1,4.2,4075000
Glenn Robinson III,4.4,1.5,0.9,0.3,0.9,1.6,11.7,1882867
Goga Bitadze,3.3,0.8,0.2,1.3,0.4,2.1,5.1,2957520
Goga Bitadze,3.5,1.1,0.4,0.8,0.9,2.1,7,3098400
Goran Dragić,3.1,4.8,0.8,0.1,2,2.3,13.7,18109175
Goran Dragić,3.2,5.1,0.7,0.2,2.4,2.1,16.2,19217900
Goran Dragić,3.4,4.4,0.7,0.2,2.4,2.3,13.4,18000000
Goran Dragić,1.4,2.6,0.2,0.1,1.1,1.1,6.3,2226523
Gordon Hayward,4.5,3.4,0.9,0.3,1.5,1.4,11.5,31214295
Gordon Hayward,6.7,4.1,0.7,0.4,1.8,1.8,17.5,32700690
Gordon Hayward,5.9,4.1,1.2,0.3,2.1,1.7,19.6,28500000
Gordon Hayward,4.6,3.6,1,0.4,1.7,1.7,15.9,29925000
Gordon Hayward,4.3,4.1,0.8,0.2,2,1.4,14.7,30075000
Gorgui Dieng,4.1,0.9,0.6,0.5,0.8,1.8,6.4,15170787
Gorgui Dieng,5.6,1.2,0.8,0.9,1,2,7.4,16229213
Gorgui Dieng,3.7,1.3,0.7,0.4,0.8,1.5,6.8,17587688
Grant Williams,2.6,1,0.4,0.5,0.7,2.4,3.4,2379840
Grant Williams,2.8,1,0.5,0.4,0.9,2.6,4.7,2498760
Grant Williams,3.6,1,0.5,0.7,0.8,2.4,7.8,2617800
Grant Williams,4.6,1.7,0.5,0.4,1,2.4,8.1,4306281
Grayson Allen,2.2,1.4,0.3,0.1,0.9,1.4,8.7,2277563
Grayson Allen,3.2,2.2,0.9,0.2,1,1.4,10.6,2545320
Grayson Allen,3.4,1.5,0.7,0.3,0.7,1.5,11.1,4054695
Grayson Allen,3.3,2.3,0.9,0.2,1,1.6,10.4,8500000
Greg Brown III,2.8,0.7,0.5,0.5,0.8,1.9,4.7,925258
Hamidou Diallo,1.9,0.3,0.4,0.2,0.5,1.5,3.7,838464
Hamidou Diallo,3.6,0.8,0.8,0.2,1.1,2.2,6.9,1416852
Hamidou Diallo,5.2,1.9,0.8,0.5,1.5,2.6,11.6,1663861
Hamidou Diallo,4.8,1.3,1.2,0.3,1,2.5,11,5200000
Hamidou Diallo,3.5,1,0.9,0.3,1.3,2.2,9.3,5200000
Harrison Barnes,4.7,1.5,0.6,0.2,1.3,1.6,16.4,24107258
Harrison Barnes,4.9,2.2,0.6,0.2,1.2,1.3,14.5,24147727
Harrison Barnes,6.6,3.5,0.7,0.2,1.6,1.3,16.1,22215909
Harrison Barnes,5.6,2.4,0.7,0.2,1.5,1.2,16.4,20284091
Harrison Barnes,4.5,1.6,0.7,0.1,1,1.3,15,18352273
Harry Giles,3.8,1.5,0.5,0.4,1.3,2.6,7,2207040
Harry Giles,4.1,1.3,0.5,0.4,1,2.6,6.9,2578800
Hassan Whiteside,11.3,0.8,0.6,1.9,1.3,2.7,12.3,25434263
Hassan Whiteside,13.5,1.2,0.4,2.9,1.8,2.9,15.5,27093018
Hassan Whiteside,6,0.6,0.3,1.3,1.1,2,8.1,1620564
Hassan Whiteside,7.6,0.4,0.3,1.6,0.8,2.8,8.2,2401537
Haywood Highsmith,3.5,0.8,0.7,0.3,0.8,1.5,4.4,1752638
Herbert Jones,3.8,2.1,1.7,0.8,1.3,3.1,9.5,1700000
Herbert Jones,4.1,2.5,1.6,0.6,1.3,3.2,9.8,1785000
Ian Clark,1.5,1.6,0.4,0.1,1,1.6,6.7,1757429
Ian Mahinmi,5.7,1.3,0.8,1.2,1.2,3,7.4,15450051
Iman Shumpert,3,1.8,1,0.4,0.8,2,7.5,11011234
Immanuel Quickley,2.1,2,0.5,0.2,0.9,1.8,11.4,2105520
Immanuel Quickley,3.2,3.5,0.7,0,1.3,2.1,11.3,2210640
Immanuel Quickley,4.2,3.4,1,0.2,1.2,2,14.9,2316240
Isaac Bonga,3.4,1.2,0.7,0.3,0.9,2.4,5,1416852
Isaac Okoro,3.1,1.9,0.9,0.4,1.3,2.8,9.6,6400920
Isaac Okoro,3,1.8,0.8,0.3,0.9,2.4,8.8,6720720
Isaac Okoro,2.5,1.1,0.7,0.4,0.6,2.1,6.4,7040880
Isaiah Briscoe,1.9,2.2,0.3,0.1,0.8,1.7,3.5,838464
Isaiah Hartenstein,3.9,1.2,0.4,0.8,1,2.3,5.1,1620564
Isaiah Hartenstein,4.9,2.4,0.7,1.1,1.2,2.5,8.3,1729217
Isaiah Hartenstein,6.5,1.2,0.6,0.8,0.8,2.6,5,7804879
Isaiah Jackson,4.1,0.3,0.7,1.4,1.1,2.6,8.3,2451120
Isaiah Jackson,4.5,0.8,0.5,1.5,0.8,2.4,7.2,2573760
Isaiah Joe,1,0.6,0.3,0.1,0.3,0.9,3.6,1517981
Isaiah Joe,2.4,1.2,0.7,0.1,0.5,1.4,9.5,1836090
Isaiah Livers,2.8,0.8,0.5,0.5,0.6,2,6.7,1563518
Isaiah Roby,5.6,1.8,0.9,0.6,1.9,2.7,8.7,1517981
Isaiah Roby,4.8,1.6,0.8,0.8,1,2.4,10.1,1782621
Isaiah Stewart,6.7,0.9,0.6,1.3,1,2.7,7.9,3121080
Isaiah Stewart,8.7,1.2,0.3,1.1,1.2,3,8.3,3277080
Isaiah Stewart,8.1,1.4,0.4,0.7,1.4,2.7,11.3,3433320
Isaiah Thomas,1.7,3.7,0.3,0.2,1.9,1.9,12.2,2320044
Ish Smith,2.6,3.6,0.5,0.2,1.1,1.9,8.9,6000000
Ish Smith,3.2,4.9,0.9,0.4,1.4,1.6,10.9,6000000
Ish Smith,3.4,3.9,0.7,0.3,0.9,1.4,6.7,6000000
Ish Smith,2.2,3.8,0.7,0.4,1.2,1.2,6.3,4500000
Ivan Rabb,4.2,1.1,0.3,0.3,0.7,1.8,5.8,1378242
Ivica Zubac,6.1,1.1,0.2,0.9,1.2,2.3,8.9,1544951
Ivica Zubac,7.5,1.1,0.2,0.9,0.8,2.3,8.3,6481482
Ivica Zubac,7.2,1.3,0.3,0.9,1.1,2.6,9,7000000
Ivica Zubac,8.5,1.6,0.5,1,1.5,2.7,10.3,7518518
Ivica Zubac,9.9,1,0.4,1.3,1.5,2.9,10.8,10123457
J.J. Barea,2.5,5.6,0.6,0,1.9,1.3,10.9,3710850
JJ Redick,2.4,2.7,0.4,0.2,1.3,1.7,18.1,12250000
JJ Redick,2.5,2,0.3,0.2,1.3,1.6,15.3,13486300
JJ Redick,1.5,1.2,0.3,0.1,0.8,1.1,7.4,13013700
Ja Morant,3.9,7.3,0.9,0.3,3.3,1.6,17.8,8730240
Ja Morant,4,7.4,0.9,0.2,3.2,1.4,19.1,9166800
Ja Morant,5.7,6.7,1.2,0.4,3.4,1.5,27.4,9603360
Ja Morant,5.9,8.1,1.1,0.3,3.4,1.6,26.2,12119440
Jabari Parker,6.6,2.4,0.7,0.5,2.4,2.3,14.5,20000000
Jabari Parker,5.6,1.8,1.2,0.4,1.7,2.6,14,6500000
Jabari Smith Jr.,7.2,1.3,0.5,0.9,1.3,2.9,12.8,8882640
Jabari Walker,2.3,0.6,0.2,0.2,0.5,1.2,3.9,1017781
Jaden Hardy,1.9,1.4,0.4,0.1,1,1.3,8.8,1017781
Jaden Ivey,3.9,5.2,0.8,0.2,3.2,3.3,16.3,7252200
Jaden McDaniels,3.7,1.1,0.6,1,0.7,2.7,6.8,1964760
Jaden McDaniels,4.2,1.1,0.7,0.8,1.1,3.2,9.2,2063280
Jaden McDaniels,3.9,1.9,0.9,1,1.4,3.4,12.1,2161440
Jae Crowder,4.8,1.7,0.8,0.4,1.1,2.1,11.9,7305825
Jae Crowder,5.9,2.5,1.1,0.4,1.1,2.2,10.5,7815533
Jae Crowder,4.7,2.1,0.8,0.5,0.9,2.1,10.1,9258000
Jae Crowder,5.3,1.9,1.4,0.4,0.8,2.6,9.4,9720900
Jae'Sean Tate,5.3,2.5,1.2,0.5,1.4,3.2,11.3,1445967
Jae'Sean Tate,5.4,2.8,0.9,0.5,1.8,3.7,11.8,1517981
Jae'Sean Tate,3.8,2.7,0.7,0.2,1.5,3.4,9.1,7065217
Jahlil Okafor,4.7,0.7,0.3,0.7,0.9,1.6,8.2,1567007
Jake Layman,3.1,0.7,0.4,0.4,0.6,1.6,7.6,1544951
Jake Layman,2.5,0.7,0.7,0.4,1,2,9.1,3581986
Jake Layman,1.5,0.6,0.6,0.4,0.6,1,5.1,3761085
Jakob Poeltl,5.3,1.2,0.4,0.9,0.6,1.6,5.5,2947320
Jakob Poeltl,5.7,1.8,0.6,1.4,0.8,1.9,5.6,3754886
Jakob Poeltl,7.9,1.9,0.7,1.8,1.2,2.5,8.6,8101852
Jakob Poeltl,9.3,2.8,0.7,1.7,1.6,3.1,13.5,8750000
Jakob Poeltl,9.1,2.7,0.9,1.2,1.7,2.7,12.5,9398148
Jalen Brunson,2.3,3.2,0.5,0.1,1.2,1.7,9.3,1230000
Jalen Brunson,2.4,3.3,0.4,0.1,1.2,1.3,8.2,1416852
Jalen Brunson,3.4,3.5,0.5,0,1.2,1.6,12.6,1663861
Jalen Brunson,3.9,4.8,0.8,0,1.6,1.9,16.3,1802057
Jalen Brunson,3.5,6.2,0.9,0.2,2.1,2.2,24,27733332
Jalen Duren,8.9,1.1,0.7,0.9,1.4,2.7,9.1,4124280
Jalen Green,3.4,2.6,0.7,0.3,2,1.5,17.3,8992200
Jalen Green,3.7,3.7,0.8,0.2,2.6,1.7,22.1,9441840
Jalen Johnson,4,1.2,0.5,0.5,0.6,1.6,5.6,2792640
Jalen McDaniels,3.6,1.1,0.6,0.4,1,2,7.4,1517981
Jalen McDaniels,3.1,1.1,0.5,0.4,0.7,1.7,6.2,1782621
Jalen McDaniels,4.3,1.6,1,0.4,1.2,2.6,9.4,1930681
Jalen Smith,6,0.5,0.3,0.8,0.8,1.9,9.2,4458000
Jalen Smith,5.8,1,0.3,0.9,1.1,2.3,9.4,4670160
Jalen Suggs,3.6,4.4,1.2,0.4,3,3,11.8,6592920
Jalen Suggs,3,2.9,1.3,0.5,1.8,2.3,9.9,6922320
Jalen Williams,4.5,3.3,1.4,0.5,1.6,2.5,14.1,4341480
Jamal Crawford,1.3,3.6,0.5,0.2,1.5,1.2,7.9,4698113
Jamal Murray,4.2,4.8,0.9,0.4,2.1,2,18.2,3499800
Jamal Murray,4,4.8,1.1,0.3,2.2,1.7,18.5,4444746
Jamal Murray,4,4.8,1.3,0.3,2.3,2,21.2,27285000
Jamal Murray,4,6.2,1,0.2,2.2,1.6,20,31650600
James Bouknight,2.1,1.2,0.4,0.1,0.9,1.4,5.6,4362240
James Ennis III,3.1,0.7,0.7,0.4,0.6,2.6,6.7,1621415
James Ennis III,3.6,0.9,0.5,0.3,0.8,2,6.6,1882867
James Ennis III,4,1.5,0.8,0.2,0.9,2,8.4,3300000
James Harden,6.6,7.5,2,0.7,5,3.1,36.1,30421854
James Harden,6.6,7.5,1.8,0.9,4.5,3.3,34.3,38199000
James Harden,7.9,10.8,1.2,0.8,4,2.3,24.6,41254920
James Harden,7.7,10.3,1.3,0.6,4.4,2.4,22,44310840
James Harden,6.1,10.7,1.2,0.5,3.4,1.9,21,33000000
James Johnson,3.2,2.5,0.6,0.5,1.3,2.1,7.8,14651700
James Johnson,3.7,2.3,0.8,1,1.5,2.5,8.4,15349400
James Johnson,3.5,1.9,0.8,0.8,1.1,2.4,7.2,16047100
James Johnson,3.5,2.1,0.5,0.5,0.8,2.6,5.5,2641691
James Wiseman,5.8,0.7,0.3,0.9,1.5,3.1,11.5,8730240
James Wiseman,5.9,0.7,0.2,0.6,1.1,2.4,10,9603360
JaMychal Green,6.3,0.8,0.7,0.5,1.3,3,9.4,7666667
JaMychal Green,6.2,0.8,0.5,0.4,0.9,2.8,6.8,4767000
JaMychal Green,4.8,0.9,0.4,0.4,0.9,2.5,8.1,7199760
JaMychal Green,4.2,0.9,0.6,0.4,0.9,2.4,6.4,8200000
JaMychal Green,3.6,0.9,0.4,0.4,0.9,1.8,6.4,7407493
Jared Dudley,2.6,1.4,0.6,0.3,0.7,2.2,4.9,9530000
Jaren Jackson Jr.,4.7,1.1,0.9,1.4,1.7,3.8,13.8,5915040
Jaren Jackson Jr.,4.6,1.4,0.7,1.6,1.7,4.1,17.4,6927480
Jaren Jackson Jr.,5.8,1.1,0.9,2.3,1.7,3.5,16.3,9180560
Jaren Jackson Jr.,6.8,1,1,3,1.7,3.6,18.6,28946605
Jarred Vanderbilt,5.8,1.2,1,0.7,0.8,1.9,5.4,1663861
Jarred Vanderbilt,8.4,1.3,1.3,0.6,1,2.4,6.9,4000000
Jarred Vanderbilt,7.5,2.4,1.1,0.3,1.2,2.4,7.9,4374000
Jarrett Allen,8.4,1.4,0.5,1.5,1.3,2.3,10.9,2034120
Jarrett Allen,9.6,1.6,0.6,1.3,1.1,2.3,11.1,2376840
Jarrett Allen,10,1.7,0.5,1.4,1.6,1.5,12.8,3909902
Jarrett Allen,10.8,1.6,0.8,1.3,1.7,1.7,16.1,20000000
Jarrett Allen,9.8,1.7,0.8,1.2,1.4,2.3,14.3,20000000
Jarrett Culver,3.4,1.7,0.9,0.6,1.3,2,9.2,5813640
JaVale McGee,7.5,0.7,0.6,2,1.4,2.8,12,2393887
JaVale McGee,5.7,0.5,0.5,1.4,0.8,2.3,6.6,4000000
JaVale McGee,5.2,0.8,0.4,1.2,1.3,2.6,7.3,4200000
JaVale McGee,6.7,0.6,0.3,1.1,1.3,2.4,9.2,5000000
Javonte Green,4.2,0.9,1,0.5,0.5,2,7.2,1669178
Jaxson Hayes,4,0.9,0.4,0.9,0.8,2.5,7.4,4862040
Jaxson Hayes,4.3,0.6,0.4,0.6,0.7,1.7,7.5,5105160
Jaxson Hayes,4.5,0.6,0.5,0.8,0.8,2.2,9.3,5348280
Jaxson Hayes,2.8,0.7,0.4,0.4,0.7,1.4,5,6803012
Jaylen Brown,4.2,1.4,0.9,0.4,1.3,2.5,13,5169960
Jaylen Brown,6.4,2.1,1.1,0.4,2.2,2.9,20.3,6534829
Jaylen Brown,6,3.4,1.2,0.6,2.7,2.9,24.7,23437500
Jaylen Brown,6.1,3.5,1.1,0.3,2.7,2.5,23.6,24830357
Jaylen Brown,6.9,3.5,1.1,0.4,2.9,2.6,26.6,28741071
Jaylen Nowell,2.3,1.5,0.5,0.3,0.7,1.7,9,1517981
Jaylen Nowell,2,2.1,0.4,0.2,0.6,1.2,8.5,1782621
Jaylen Nowell,2.6,2,0.6,0.1,1,1.6,10.8,1930681
Jaylin Williams,4.9,1.6,0.6,0.2,0.8,2.3,5.9,2000000
Jayson Tatum,6,2.1,1.1,0.7,1.5,2.1,15.7,6700800
Jayson Tatum,7,3,1.4,0.9,2.3,2.1,23.4,7830000
Jayson Tatum,7.4,4.3,1.2,0.5,2.7,1.9,26.4,9897120
Jayson Tatum,8,4.4,1,0.6,2.9,2.3,26.9,28103550
Jayson Tatum,8.8,4.6,1.1,0.7,2.9,2.2,30.1,30351780
Jeff Green,4,1.8,0.6,0.5,1.3,2.1,12.3,2393887
Jeff Green,2.8,1,0.5,0.4,0.9,1.9,9.4,3405180
Jeff Green,3.9,1.6,0.5,0.4,0.8,1.8,11,2564753
Jeff Green,3.1,1.3,0.4,0.4,0.9,2,10.3,4500000
Jeff Green,2.6,1.2,0.3,0.3,0.8,1.8,7.8,4500000
Jeff Teague,2.5,8.2,1,0.4,2.3,2.1,12.1,19000000
Jeff Teague,2.4,5.2,0.7,0.3,2,1.8,10.9,19000000
Jeff Teague,1.6,2.4,0.6,0.2,1.2,1,6.7,2131153
Jerami Grant,5.2,1,0.8,1.3,0.8,2.7,13.6,8653847
Jerami Grant,3.5,1.2,0.7,0.8,0.9,2.2,12,9346153
Jerami Grant,4.6,2.8,0.6,1.1,2,2.3,22.3,19050000
Jerami Grant,4.1,2.4,0.9,1,1.8,2.3,19.2,20002500
Jerami Grant,4.5,2.4,0.8,0.8,1.8,2.4,20.5,20955000
Jeremiah Robinson-Earl,5.6,1,0.6,0.3,0.8,1.5,7.5,2000000
Jeremiah Robinson-Earl,4.2,1,0.6,0.3,0.4,1.7,6.8,2000000
Jeremy Lamb,5.5,2.2,1.1,0.4,1,1.8,15.3,7488372
Jeremy Lamb,4.3,2.1,1.2,0.5,1.1,2.3,12.5,10500000
Jeremy Lamb,3.6,1.5,0.9,0.6,0.6,2,10.1,10500000
Jeremy Lamb,2.8,1.4,0.6,0.4,0.7,1.1,7.3,10500000
Jeremy Lin,2.4,3.1,0.6,0.2,1.7,1.9,9.6,13768063
Jeremy Sochan,5.3,2.5,0.8,0.4,1.7,2.5,11,5063520
Jerian Grant,1.6,2.6,0.7,0.1,0.9,1.3,4.2,2639314
Jericho Sims,4.7,0.5,0.3,0.5,0.5,1.8,3.4,1639842
Jerome Robinson,2,1.4,0.4,0.3,0.8,1.8,5.1,3567720
Jerryd Bayless,1.8,3.5,0.5,0.1,0.9,1.6,6.1,8575916
Jevon Carter,1.7,1.8,0.7,0.3,0.8,1.4,4.4,838464
Jevon Carter,2,1.4,0.8,0.3,0.6,1.5,4.9,1416852
Jevon Carter,1.5,1.2,0.5,0.2,0.3,0.9,4.1,3925000
Jevon Carter,1.7,1.5,0.4,0.2,0.5,1,4.2,4107149
Jevon Carter,2.5,2.4,0.8,0.4,1,2,8,6025000
Jimmy Butler,5.3,4,1.9,0.6,1.5,1.7,18.7,20445779
Jimmy Butler,6.7,6,1.8,0.6,2.2,1.4,19.9,32742000
Jimmy Butler,6.9,7.1,2.1,0.3,2.1,1.4,21.5,34379100
Jimmy Butler,5.9,5.5,1.6,0.5,2.1,1.5,21.4,36016200
Jimmy Butler,5.9,5.3,1.8,0.3,1.6,1.3,22.9,37653300
Joakim Noah,5.7,2.1,0.5,0.7,1.2,2.3,7.1,20261173
Jock Landale,2.6,0.8,0.2,0.3,0.6,1,4.9,925258
Jock Landale,4.1,1,0.2,0.4,0.9,1.8,6.6,1563518
Joe Harris,3.8,2.4,0.5,0.2,1.6,2.4,13.7,8333333
Joe Harris,4.3,2.1,0.6,0.2,1.5,2.3,14.5,7666667
Joe Harris,3.6,1.9,0.7,0.2,0.9,2,14.1,16071429
Joe Harris,2.2,1.4,0.5,0.2,0.6,1.9,7.6,18642857
Joe Ingles,4,5.7,1.2,0.2,2.4,2.2,12.1,13045455
Joe Ingles,3.9,5.2,0.9,0.2,2,2.1,9.8,11207387
Joe Ingles,3.6,4.7,0.7,0.2,1.7,1.8,12.1,10863637
Joe Ingles,2.9,3.5,0.5,0.1,1,1.8,7.2,12436364
Joe Ingles,2.8,3.3,0.7,0.1,1.2,1.6,6.9,6479000
Joel Embiid,13.6,3.7,0.7,1.9,3.5,3.3,27.5,25467250
Joel Embiid,11.6,3,0.9,1.3,3.1,3.4,23,27504630
Joel Embiid,10.6,2.8,1,1.4,3.1,2.4,28.5,29542010
Joel Embiid,11.7,4.2,1.1,1.5,3.1,2.7,30.6,31579390
Joel Embiid,10.2,4.2,1,1.7,3.4,3.1,33.1,33616770
John Collins,9.8,2,0.4,0.6,2,3.3,19.5,2299080
John Collins,10.1,1.5,0.8,1.6,1.8,3.4,21.6,2686560
John Collins,7.4,1.2,0.5,1,1.3,3.1,17.6,4137302
John Collins,7.8,1.8,0.6,1,1.1,3,16.2,23000000
John Collins,6.5,1.2,0.6,1,1.1,3.1,13.1,23500000
John Henson,4.1,1.4,0.6,1.1,0.9,2,5.5,9732396
John Konchar,3,1.1,0.7,0.2,0.4,0.9,4.3,2100000
John Konchar,4.6,1.5,0.6,0.3,0.4,1.3,4.8,2200000
John Konchar,4.3,1.4,1.1,0.3,0.5,1.6,5.1,2300000
John Wall,3.6,8.7,1.5,0.9,3.8,2.2,20.7,19169800
John Wall,3.2,6.9,1.1,0.8,3.5,1.2,20.6,41254920
John Wall,2.7,5.2,0.8,0.4,2.4,1.7,11.4,47345760
Jonah Bolden,3.8,0.9,0.4,0.9,0.8,2.3,4.7,1690000
Jonas Jerebko,3.9,1.3,0.4,0.2,0.6,1.9,6.3,2165481
Jonas Valančiūnas,8.6,1.4,0.4,1.1,1.8,3,15.6,16539326
Jonas Valančiūnas,11.3,1.9,0.4,1.1,1.8,2.6,14.9,16000000
Jonas Valančiūnas,12.5,1.8,0.6,0.9,1.6,2.9,17.1,15000000
Jonas Valančiūnas,11.4,2.6,0.6,0.8,2.4,3.3,17.8,14000000
Jonas Valančiūnas,10.2,1.8,0.3,0.7,2,3.1,14.1,14700000
Jonathan Isaac,5.5,1.1,0.8,1.3,1,1.9,9.6,4969080
Jonathan Isaac,6.8,1.4,1.6,2.3,1.4,2.4,11.9,5806440
Jonathan Kuminga,3.3,0.9,0.4,0.3,1.1,2.1,9.3,5466360
Jonathan Kuminga,3.4,1.9,0.6,0.5,1.4,2.3,9.9,5739840
Jonathon Simmons,2.3,2.3,0.5,0.3,1.2,1.6,6.5,6000000
Jordan Bell,2.7,1.1,0.3,0.8,0.6,1.2,3.3,1378242
Jordan Clarkson,3.3,2.4,0.7,0.2,1.7,1.4,16.8,12500000
Jordan Clarkson,2.6,1.9,0.6,0.2,1.4,1.5,15.2,13437500
Jordan Clarkson,4,2.5,0.9,0.1,1.7,1.6,18.4,11500000
Jordan Clarkson,3.5,2.5,0.8,0.2,1.6,1.9,16,12420000
Jordan Clarkson,4,4.4,0.5,0.2,3,2,20.8,13340000
Jordan McLaughlin,1.5,2.9,0.9,0.2,0.6,0.9,3.8,2000000
Jordan McLaughlin,1.4,3.4,0.7,0.1,0.8,0.7,3.7,2160000
Jordan McRae,3.4,2.5,0.6,0.4,1.2,2,11.5,1645357
Jordan Nwora,3.6,1,0.4,0.3,0.9,1.3,7.9,1517981
Jordan Nwora,3.7,1.4,0.4,0.2,1.1,1.2,8.7,2800000
Jordan Poole,2.1,2.4,0.6,0.2,1.3,1.6,8.8,1964760
Jordan Poole,1.8,1.9,0.5,0.2,1,1.7,12,2063280
Jordan Poole,3.4,4,0.8,0.3,2.5,2.7,18.5,2161440
Jordan Poole,2.7,4.5,0.8,0.3,3.1,2.6,20.4,3901399
Jose Alvarado,1.9,2.8,1.3,0.1,0.7,1.4,6.1,1500000
Jose Alvarado,2.3,3,1.1,0.2,1.3,2,9,1563518
José Calderón,1.2,2.3,0.3,0.1,0.7,1.3,2.3,2393887
Josh Christopher,2.5,2,0.9,0.2,1.5,1.3,7.9,2259240
Josh Christopher,1.1,1.1,0.5,0.2,0.9,0.9,5.8,2372160
Josh Giddey,7.8,6.4,0.9,0.4,3.2,1.6,12.5,5988000
Josh Giddey,7.9,6.2,0.8,0.4,2.8,1.9,16.6,6287400
Josh Green,2.4,1.2,0.7,0.2,0.7,1.7,4.8,2957520
Josh Green,3,1.7,0.7,0.1,1.2,2.6,9.1,3098400
Josh Hart,3.7,1.4,1,0.6,0.9,2.2,7.8,1655160
Josh Hart,6.5,1.7,1,0.4,1.2,2.5,10.1,1934160
Josh Hart,8,2.3,0.8,0.3,1,2.4,9.2,3491159
Josh Hart,7.2,4.1,1.1,0.2,2.1,2.8,14.9,12000000
Josh Hart,7.8,3.8,1.2,0.3,1.5,2.6,9.8,12960000
Josh Jackson,4.4,2.3,0.9,0.7,2.2,2.6,11.5,6041520
Josh Jackson,4.1,2.3,0.9,0.8,2.3,2.9,13.4,4767000
Josh Jackson,2.8,1.1,0.5,0.4,0.9,1.7,6.4,5005350
Josh Okogie,2.9,1.2,1.2,0.4,0.9,2.2,7.7,2160720
Josh Okogie,4.3,1.6,1.1,0.4,1.4,2.2,8.6,2530680
Josh Okogie,2.6,1.1,0.9,0.5,0.7,2.1,5.4,2651040
Josh Okogie,1.4,0.5,0.5,0.2,0.5,1.1,2.7,4087904
Josh Okogie,3.5,1.5,0.8,0.5,0.9,1.6,7.3,1836090
Josh Richardson,3.6,4.1,1.1,0.5,1.5,2.7,16.6,9367200
Josh Richardson,3.2,2.9,0.9,0.7,1.9,2.5,13.7,10116576
Josh Richardson,3.3,2.6,1,0.4,1.3,2.2,12.1,10865952
Josh Richardson,2.8,1.8,0.9,0.4,1,1.8,10.2,11615328
Josh Richardson,2.7,2.7,1.1,0.3,1.3,1.8,10.1,12196094
Joshua Primo,2.3,1.6,0.4,0.5,1.1,1.6,5.8,3946800
Jrue Holiday,5,7.7,1.6,0.8,3.1,2.2,21.2,25976111
Jrue Holiday,4.8,6.7,1.6,0.8,3,2.4,19.1,26131111
Jrue Holiday,4.5,6.1,1.6,0.6,2.2,1.7,17.7,25876111
Jrue Holiday,4.5,6.8,1.6,0.4,2.7,2,18.3,30133333
Jrue Holiday,5.1,7.4,1.2,0.4,2.9,1.7,19.3,33665040
JT Thor,2.2,0.5,0.3,0.3,0.6,1,3.8,1563518
Juan Toscano-Anderson,2.4,1.7,0.7,0.2,0.9,1.6,4.1,1701593
Juan Toscano-Anderson,2.4,1.3,0.3,0.2,0.7,1.5,3,1836090
Juancho Hernangómez,2.9,0.6,0.4,0.1,0.4,1,2.9,1836090
Juancho Hernangómez,3.8,0.8,0.4,0.3,0.5,1.3,5.8,2166360
Juancho Hernangómez,4.1,0.8,0.4,0.2,0.7,1.3,6,3321030
Juancho Hernangómez,3.9,0.7,0.4,0.1,0.5,1,7.2,5718000
Julius Randle,8.7,3.1,0.7,0.6,2.8,3.4,21.4,8641000
Julius Randle,9.7,3.1,0.8,0.3,3,2.8,19.5,18000000
Julius Randle,10.2,6,0.9,0.3,3.4,3.2,24.1,18900000
Julius Randle,9.9,5.1,0.7,0.5,3.4,2.8,20.1,19800000
Julius Randle,10,4.1,0.6,0.3,2.8,3,25.1,23760000
Justin Holiday,3.9,1.8,1.5,0.4,1.3,2,10.5,4384616
Justin Holiday,3.3,1.3,1.2,0.6,0.6,1.9,8.3,4767000
Justin Holiday,3.6,1.7,1,0.6,0.8,1.9,10.5,5720400
Justin Holiday,2.6,1.7,0.8,0.4,0.9,2.1,10.1,6006420
Justin Holiday,1.2,0.9,0.4,0.4,0.5,1.5,4.5,6862261
Justin Jackson,2.6,1.2,0.4,0.2,0.4,1.2,7.2,2807880
Justin Jackson,2.4,0.8,0.2,0.2,0.2,1.1,5.5,3280920
Justin Jackson,2.3,1.5,0.4,0.1,0.9,0.9,7.2,5029650
Justise Winslow,5.4,4.3,1.1,0.3,2.2,2.7,12.6,3448926
Justise Winslow,4.5,1.9,0.6,0.5,1.4,1.8,6.8,13000000
Justise Winslow,4.2,1.8,0.7,0.5,1,1.4,5.7,3902439
Justise Winslow,5,3.4,1,0.4,1.5,3.1,6.8,4097561
Jusuf Nurkić,10.4,3.2,1,1.4,2.3,3.5,15.6,11111111
Jusuf Nurkić,9,3.4,1,1.1,2,2.8,11.5,12888889
Jusuf Nurkić,11.1,2.8,1.1,0.6,2.6,3.4,15,12000000
Jusuf Nurkić,9.1,2.9,0.8,0.8,2.3,3.6,13.3,15625000
Kai Jones,2.7,0.3,0.4,0.7,0.7,1.4,3.4,2909040
Karl-Anthony Towns,12.4,3.4,0.9,1.6,3.1,3.8,24.4,7839435
Karl-Anthony Towns,10.8,4.4,0.9,1.2,3.1,3.3,26.5,27285000
Karl-Anthony Towns,10.6,4.5,0.8,1.1,3.2,3.7,24.8,29467800
Karl-Anthony Towns,9.8,3.6,1,1.1,3.1,3.6,24.6,31650600
Karl-Anthony Towns,8.1,4.8,0.7,0.6,3,3.8,20.8,33833400
Kawhi Leonard,7.3,3.3,1.8,0.4,2,1.5,26.6,23114067
Kawhi Leonard,7.1,4.9,1.8,0.6,2.6,2,27.1,32742000
Kawhi Leonard,6.5,5.2,1.6,0.4,2,1.6,24.8,34379100
Kawhi Leonard,6.5,3.9,1.4,0.5,1.7,1.6,23.8,42492492
Keegan Murray,4.6,1.2,0.8,0.5,0.8,2,12.2,8008440
Keita Bates-Diop,2.8,0.6,0.6,0.5,0.5,1,5,838464
Keita Bates-Diop,2.9,0.7,0.4,0.5,0.4,1,6.5,1416852
Keita Bates-Diop,3.9,0.7,0.5,0.2,0.8,1,5.7,1729217
Keita Bates-Diop,3.7,1.5,0.7,0.3,0.8,0.9,9.7,1878720
Keldon Johnson,6,1.8,0.6,0.3,1.1,2.1,12.8,2048040
Keldon Johnson,6.1,2.1,0.8,0.2,1.2,2,17,2145720
Keldon Johnson,5,2.9,0.7,0.2,2.1,2,22,3873025
Kelly Olynyk,4.7,1.8,0.7,0.5,1.4,2.3,10,12137527
Kelly Olynyk,4.6,1.7,0.7,0.3,1.1,2.6,8.2,11667885
Kelly Olynyk,7,2.9,1.1,0.6,1.8,3,13.5,12819649
Kelly Olynyk,4.4,2.8,0.8,0.5,1.5,2.5,9.1,12195122
Kelly Olynyk,6.2,3.7,0.9,0.5,2.5,3.4,12.5,12804878
Kelly Oubre Jr.,4.7,1.2,1.2,0.9,1.5,2.6,15.2,3208630
Kelly Oubre Jr.,6.4,1.5,1.3,0.7,1.5,3.4,18.7,15625000
Kelly Oubre Jr.,6,1.3,1,0.8,1.3,2.2,15.4,14375000
Kelly Oubre Jr.,4,1.1,1,0.4,0.9,2.5,15,12000000
Kelly Oubre Jr.,5.2,1.1,1.4,0.4,1.3,2.9,20.3,12600000
Kemba Walker,4.4,5.9,1.2,0.4,2.6,1.6,25.6,12000000
Kemba Walker,3.9,4.8,0.9,0.5,2.1,1.6,20.4,32742000
Kemba Walker,4,4.9,1.1,0.3,2,1.4,19.3,34379100
Kemba Walker,3,3.5,0.7,0.2,1.3,1,11.6,34967442
Kendrick Nunn,2.7,3.3,0.8,0.2,1.7,2.3,15.3,1416852
Kendrick Nunn,3.2,2.6,0.9,0.3,1.4,1.9,14.6,1663861
Kendrick Nunn,1.6,1.3,0.4,0.1,0.9,0.9,7.1,5250000
Kenneth Faried,6.8,0.5,0.5,0.6,0.9,2.2,10.4,14681317
Kenrich Williams,4.8,1.8,1,0.4,0.8,2.1,6.1,838464
Kenrich Williams,4.8,1.5,0.7,0.5,0.6,2.3,3.5,1416852
Kenrich Williams,4.1,2.3,0.8,0.3,1.2,2.2,8,2000000
Kenrich Williams,4.5,2.2,0.9,0.2,0.9,1.7,7.4,2000000
Kenrich Williams,4.9,2,0.8,0.3,0.6,2.1,8,2000000
Kent Bazemore,3.9,2.3,1.3,0.6,1.8,2.5,11.6,18089887
Kent Bazemore,4.3,1.4,1.1,0.6,1.3,2.9,8.8,19269662
Kent Bazemore,3.4,1.6,1,0.5,1.2,2.4,7.2,1620564
Kent Bazemore,1.8,0.9,0.6,0.2,0.5,1.8,3.4,2401537
Kentavious Caldwell-Pope,2.9,1.3,0.9,0.2,0.8,1.7,11.4,12000000
Kentavious Caldwell-Pope,2.1,1.6,0.8,0.2,0.9,1.9,9.3,8089282
Kentavious Caldwell-Pope,2.7,1.9,0.9,0.4,1,1.7,9.7,12073020
Kentavious Caldwell-Pope,3.4,1.9,1.1,0.3,1.3,1.8,13.2,13038862
Kentavious Caldwell-Pope,2.7,2.4,1.5,0.5,1.1,1.9,10.8,14004703
KJ Martin,5.4,1.1,0.7,0.9,0.8,2,9.3,898310
KJ Martin,3.8,1.3,0.4,0.5,0.8,1.4,8.8,1517981
KJ Martin,5.5,1.5,0.5,0.4,1.1,1.8,12.7,1782621
Keon Johnson,2.2,2.1,0.8,0.3,1.2,1.9,7.2,2553240
Kevin Durant,6.4,5.9,0.7,1.1,2.9,2,26,30000000
Kevin Durant,7.1,5.6,0.7,1.3,3.4,2,26.9,39058950
Kevin Durant,7.4,6.4,0.9,0.9,3.5,2.1,29.9,40918900
Kevin Durant,6.7,5,0.7,1.4,3.3,2.1,29.1,44119845
Kevin Huerter,3.3,2.9,0.9,0.3,1.5,2.1,9.7,2250960
Kevin Huerter,4.1,3.8,0.9,0.5,1.6,2.5,12.2,2636280
Kevin Huerter,3.3,3.5,1.2,0.3,1.1,2.4,11.9,2761920
Kevin Huerter,3.4,2.7,0.7,0.4,1.2,2.5,12.1,4253357
Kevin Huerter,3.3,2.9,1.1,0.3,1.3,2.4,15.2,14508929
Kevin Knox,4.5,1.1,0.6,0.3,1.5,2.3,12.8,3739920
Kevin Knox,2.8,0.9,0.4,0.4,0.7,1.6,6.4,4380120
Kevin Knox,2.8,0.5,0.4,0.2,0.8,1.5,6.6,3000000
Kevin Love,10.9,2.2,0.3,0.2,1.9,2.5,17,24119025
Kevin Love,9.8,3.2,0.6,0.3,2.5,1.6,17.6,28942830
Kevin Love,7.4,2.5,0.6,0.1,1.5,1,12.2,31258256
Kevin Love,7.2,2.2,0.4,0.2,1.3,1.4,13.6,31258256
Kevin Love,6.4,1.9,0.3,0.2,1.1,1.6,8.2,30556968
Kevin Porter Jr.,3.2,2.2,0.9,0.3,1.9,2.7,10,1290960
Kevin Porter Jr.,3.8,6.3,0.7,0.3,3.5,2.3,16.6,1717981
Kevin Porter Jr.,4.4,6.2,1.1,0.4,3.1,2.6,15.6,1782621
Kevin Porter Jr.,5.3,5.7,1.4,0.3,3.2,2.6,19.2,3217631
Kevon Looney,5.2,1.5,0.6,0.7,0.6,2.6,6.3,1567007
Kevon Looney,5.3,2,0.3,0.4,0.6,2.2,4.1,4821429
Kevon Looney,7.3,2,0.6,0.6,0.8,2.6,6,5178572
Kevon Looney,9.3,2.5,0.6,0.6,0.5,2.7,7,8000000
Khem Birch,3.8,0.8,0.4,0.6,0.4,1.4,4.8,1378242
Khem Birch,4.6,1,0.4,0.5,0.6,1.9,4.4,3000000
Khem Birch,5.8,1.3,0.7,0.7,0.7,1.7,7.2,2996727
Khem Birch,4.3,1,0.5,0.5,0.5,1.9,4.5,6350000
Khris Middleton,6,4.3,1,0.1,2.3,2.2,18.3,13000000
Khris Middleton,6.2,4.3,0.9,0.1,2.2,2.3,20.9,30603448
Khris Middleton,6,5.4,1.1,0.1,2.6,2.4,20.4,33051724
Khris Middleton,5.4,5.4,1.2,0.3,2.9,2.4,20.1,35500000
Khris Middleton,4.2,4.9,0.7,0.2,2.2,2.1,15.1,37948276
Killian Hayes,2.7,5.3,1,0.4,3.2,2.2,6.8,5307120
Killian Hayes,3.2,4.2,1.2,0.5,1.7,2.8,6.9,5572680
Killian Hayes,2.9,6.2,1.4,0.4,2.3,2.9,10.3,5837760
Kira Lewis Jr.,1.3,2.3,0.7,0.2,0.6,1.6,6.4,3640200
Klay Thompson,3.8,2.4,1.1,0.6,1.5,2,21.5,18988725
Klay Thompson,3.9,2.8,0.5,0.5,1.3,1.7,20.4,37980720
Klay Thompson,4.1,2.4,0.7,0.4,1.8,1.9,21.9,40600080
Kosta Koufos,4.2,0.9,0.4,0.4,0.6,1.6,3.7,8739500
Kris Dunn,4.1,6,1.5,0.5,2.3,3.6,11.3,4221000
Kris Dunn,3.6,3.4,2,0.3,1.3,3.1,7.3,5348007
Kristaps Porziņģis,9.5,1.8,0.7,2,1.6,3.2,20.4,27285000
Kristaps Porziņģis,8.9,1.6,0.5,1.3,1.2,2.7,20.1,29467800
Kristaps Porziņģis,8.1,2.3,0.7,1.6,1.6,2.7,20.2,31650600
Kristaps Porziņģis,8.4,2.7,0.9,1.5,2.1,3,23.2,33833400
Kyle Anderson,5.8,3,1.3,0.9,1.3,2.6,8,8641000
Kyle Anderson,4.3,2.4,0.8,0.6,1,1.7,5.8,9073050
Kyle Anderson,5.7,3.6,1.2,0.8,1.2,1.7,12.4,9505100
Kyle Anderson,5.3,2.7,1.1,0.7,1,1.6,7.6,9937150
Kyle Anderson,5.3,4.9,1.1,0.9,1.5,2.1,9.4,8780488
Kyle Korver,2.3,1.2,0.4,0.2,0.8,1.5,8.6,7560000
Kyle Korver,2.1,1.2,0.4,0.2,0.8,1.3,6.7,6004753
Kyle Kuzma,5.5,2.5,0.6,0.4,1.9,2.4,18.7,1689840
Kyle Kuzma,4.5,1.3,0.5,0.4,1.5,2.1,12.8,1974600
Kyle Kuzma,6.1,1.9,0.5,0.6,1.7,1.8,12.9,3562178
Kyle Kuzma,8.5,3.5,0.6,0.9,2.6,1.9,17.1,13000000
Kyle Kuzma,7.2,3.7,0.6,0.5,3,2.3,21.2,13000000
Kyle Lowry,4.8,8.7,1.4,0.5,2.8,2.6,14.2,31200000
Kyle Lowry,5,7.5,1.4,0.4,3.1,3.3,19.4,33296296
Kyle Lowry,5.4,7.3,1,0.3,2.7,3.1,17.2,30500000
Kyle Lowry,4.5,7.5,1.1,0.3,2.7,2.8,13.4,26984128
Kyle Lowry,4.1,5.1,1,0.4,1.9,2.6,11.2,28333334
Kyrie Irving,5,6.9,1.5,0.5,2.6,2.5,23.8,20099189
Kyrie Irving,5.2,6.4,1.4,0.5,2.6,2.7,27.4,31742000
Kyrie Irving,4.8,6,1.4,0.7,2.4,2.6,26.9,33460350
Kyrie Irving,4.4,5.8,1.4,0.6,2.5,2.8,27.4,34916200
Kyrie Irving,5.1,5.5,1.1,0.8,2.1,2.8,27.1,38917057
Lamar Stevens,2.6,0.7,0.5,0.3,0.7,1.7,6.1,1517981
Lamar Stevens,3.3,0.5,0.4,0.3,0.4,1.3,5.3,1782621
LaMarcus Aldridge,9.2,2.4,0.5,1.3,1.8,2.2,21.3,22347015
LaMarcus Aldridge,7.4,2.4,0.7,1.6,1.4,2.4,18.9,26000000
LaMarcus Aldridge,4.5,1.9,0.4,1.1,1,1.8,13.5,17304988
LaMarcus Aldridge,5.5,0.9,0.3,1,0.9,1.7,12.9,2641691
LaMelo Ball,5.9,6.1,1.6,0.4,2.8,2.7,15.7,7839960
LaMelo Ball,6.7,7.6,1.6,0.4,3.3,3.2,20.1,8231760
LaMelo Ball,6.4,8.4,1.3,0.3,3.6,3.3,23.3,8623920
Lance Stephenson,3.2,2.1,0.6,0.1,1.3,1.6,7.2,4449000
Lance Stephenson,2.8,3.6,0.5,0.1,1.6,2.1,8.3,1614825
Lance Thomas,2.5,0.6,0.4,0.2,0.5,1.8,4.5,7119650
Landry Shamet,1.7,1.5,0.5,0.1,0.6,2,9.1,1703640
Landry Shamet,1.9,1.9,0.4,0.2,0.8,2.7,9.3,1995120
Landry Shamet,1.8,1.6,0.5,0.2,0.8,1.5,9.3,2090040
Landry Shamet,1.8,1.6,0.4,0.1,0.6,1.3,8.3,3768342
Landry Shamet,1.7,2.3,0.7,0.1,0.9,1.5,8.7,9500000
Langston Galloway,2.1,1.1,0.5,0.1,0.3,1.7,8.4,7000000
Langston Galloway,2.3,1.5,0.7,0.2,0.6,1.5,10.3,7333333
Larry Nance Jr.,8.2,3.2,1.5,0.6,1.4,2.9,9.4,2272391
Larry Nance Jr.,7.3,2.2,1,0.4,1.1,1.6,10.1,12727273
Larry Nance Jr.,6.7,3.1,1.7,0.5,1.6,2.1,9.3,11709091
Larry Nance Jr.,5.4,1.8,0.9,0.4,0.8,1.8,7,10690909
Larry Nance Jr.,5.4,1.8,0.9,0.6,0.6,2,6.8,9672727
Lauri Markkanen,9,1.4,0.7,0.6,1.6,2.3,18.7,4536120
Lauri Markkanen,6.3,1.5,0.8,0.5,1.6,1.9,14.7,5300400
Lauri Markkanen,5.3,0.9,0.5,0.3,1,1.5,13.6,6731508
Lauri Markkanen,5.7,1.3,0.7,0.5,0.9,2.1,14.8,15690909
Lauri Markkanen,8.6,1.9,0.6,0.6,1.9,2.1,25.6,16475454
LeBron James,8.5,8.3,1.3,0.6,3.6,1.7,27.4,35654150
LeBron James,7.8,10.2,1.2,0.5,3.9,1.8,25.3,37436858
LeBron James,7.7,7.8,1.1,0.6,3.7,1.6,25,39219566
LeBron James,8.2,6.2,1.3,1.1,3.5,2.2,30.3,41180544
LeBron James,8.3,6.8,0.9,0.6,3.2,1.6,28.9,44474988
Lindy Waters III,1.8,0.7,0.3,0.3,0.2,1,5.2,1927896
Lonnie Walker IV,2.3,1.1,0.5,0.2,0.7,1.3,6.4,2760480
Lonnie Walker IV,2.6,1.7,0.5,0.3,1.1,1.7,11.2,2892000
Lonnie Walker IV,2.6,2.2,0.6,0.3,1,1.4,12.1,4447896
Lonnie Walker IV,1.9,1.1,0.5,0.3,0.8,1.3,11.7,6479000
Lonzo Ball,5.3,5.4,1.5,0.4,2.2,2.4,9.9,7461960
Lonzo Ball,6.1,7,1.4,0.6,3.1,2,11.8,8719320
Lonzo Ball,4.8,5.7,1.5,0.6,2.2,1.9,14.6,11003782
Lonzo Ball,5.4,5.1,1.8,0.9,2.3,2.4,13,18604651
Lou Williams,3,5.4,0.8,0.1,2.4,1.1,20,8000000
Lou Williams,3.1,5.6,0.7,0.2,2.8,1.2,18.2,8000000
Lou Williams,2.1,3.4,0.7,0.1,1.6,0.9,11.3,8000000
Lou Williams,1.6,1.9,0.5,0.1,0.8,0.9,6.3,5000000
Luguentz Dort,3.6,1.7,0.9,0.4,1.5,2.6,14,1517981
Luguentz Dort,4.2,1.7,0.9,0.4,1.7,2.9,17.2,1782621
Luguentz Dort,4.6,2.1,1,0.3,1.2,3.3,13.7,15277778
Luka Dončić,7.8,6,1.1,0.3,3.4,1.9,21.2,6560640
Luka Dončić,9.4,8.8,1,0.2,4.3,2.5,28.8,7683360
Luka Dončić,8,8.6,1,0.5,4.3,2.3,27.7,8049360
Luka Dončić,9.1,8.7,1.2,0.6,4.5,2.2,28.4,10174391
Luka Dončić,8.6,8,1.4,0.5,3.6,2.5,32.4,37096500
Luke Kennard,2.9,1.8,0.4,0.2,0.9,1.5,9.7,3275280
Luke Kennard,3.5,4.1,0.4,0.2,1.5,2.3,15.8,3827160
Luke Kennard,2.6,1.7,0.4,0.1,0.8,1.4,8.3,5273826
Luke Kennard,3.3,2.1,0.6,0.1,0.9,1.4,11.9,12727273
Luke Kennard,2.7,1.5,0.5,0.1,0.8,1.4,9.3,14415545
Luke Kornet,2.9,1.2,0.6,0.9,0.5,0.9,7,1619260
Luke Kornet,2.3,0.9,0.3,0.7,0.4,1.5,6,2250000
Luke Kornet,2.9,0.8,0.2,0.7,0.4,1.2,3.8,2133278
Malachi Flynn,2.5,2.9,0.8,0.1,0.9,1.4,7.5,1950600
Malachi Flynn,1.4,1.6,0.5,0.1,0.3,1,4.3,2048040
Malachi Flynn,1.4,1.3,0.4,0.1,0.5,1.2,4.6,2145720
Malaki Branham,2.7,1.9,0.5,0.1,1.2,1.7,10.2,2925600
Malcolm Brogdon,4.5,3.2,0.7,0.2,1.4,1.6,15.6,1544951
Malcolm Brogdon,4.9,7.1,0.6,0.2,2.4,1.8,16.5,20000000
Malcolm Brogdon,5.3,5.9,0.9,0.3,2.1,2,21.2,20700000
Malcolm Brogdon,5.1,5.9,0.8,0.4,2.1,2,19.1,21700000
Malcolm Brogdon,4.2,3.7,0.7,0.3,1.5,1.6,14.9,22600000
Malik Beasley,2.5,1.2,0.7,0.1,0.7,1.4,11.3,1773840
Malik Beasley,2.7,1.4,0.7,0.1,1,1.4,11.2,2731714
Malik Beasley,4.4,2.4,0.8,0.2,1.6,1.7,19.6,13425895
Malik Beasley,2.9,1.5,0.5,0.2,0.5,1.1,12.1,14391964
Malik Beasley,3.5,1.5,0.8,0.1,1.1,1.3,12.7,15558035
Malik Monk,1.9,1.6,0.5,0.3,1.2,1.5,8.9,3447480
Malik Monk,2.9,2.1,0.5,0.3,1.4,1.3,10.3,4028400
Malik Monk,2.4,2.1,0.5,0.1,1.3,1.1,11.7,5345687
Malik Monk,3.4,2.9,0.8,0.4,1.6,1.8,13.8,1789256
Malik Monk,2.6,3.9,0.6,0.3,1.9,1.6,13.5,9472219
Marc Gasol,7.9,4.4,1.1,1.1,2,2.7,13.6,24119025
Marc Gasol,6.3,3.3,0.8,0.9,1.3,2.8,7.5,25595700
Marc Gasol,4.1,2.1,0.5,1.1,1,2.2,5,2564753
Marcin Gortat,5.6,1.4,0.1,0.5,1.1,2,5,13565218
Marco Belinelli,2.5,1.7,0.4,0.1,0.9,1.5,10.5,6153846
Marco Belinelli,1.7,1.2,0.2,0,0.3,0.8,6.3,5846154
Marcus Morris,6.1,1.5,0.6,0.3,1.2,2.4,13.9,5375000
Marcus Morris,5,1.4,0.8,0.5,1.6,2.9,16.7,15000000
Marcus Morris,4.1,1,0.6,0.3,1,2.1,13.4,14883721
Marcus Morris,4.4,2.1,0.5,0.3,1.3,2.1,15.4,15627907
Marcus Morris,4,1.8,0.6,0.3,0.9,2.1,11.2,16372093
Marcus Smart,2.9,4,1.8,0.4,1.5,2.5,8.9,11660716
Marcus Smart,3.8,4.9,1.7,0.5,1.7,2.7,12.9,11768879
Marcus Smart,3.5,5.7,1.5,0.5,2,2.6,13.1,13446428
Marcus Smart,3.8,5.9,1.7,0.3,2.2,2.3,12.1,13839285
Marcus Smart,3.1,6.3,1.5,0.4,2.3,2.8,11.5,17457142
Mario Hezonja,4.1,1.5,1,0.1,1.5,1.9,8.8,6500000
Mario Hezonja,3.5,0.9,0.7,0.2,0.8,2,4.8,1737145
MarJon Beauchamp,2.2,0.7,0.4,0.1,0.9,1.4,5.1,2485200
Mark Williams,7.1,0.4,0.7,1,0.9,2.2,9,3722040
Markelle Fultz,3.3,5.1,1.3,0.2,2,2,12.1,9745200
Markelle Fultz,3.9,5.7,1.5,0.4,2.3,2.2,14,16500000
Markieff Morris,4.6,1.4,0.6,0.4,0.9,3,9.4,9173295
Markieff Morris,3.8,1.3,0.5,0.3,1.3,2.3,9.7,3991808
Markieff Morris,4.4,1.2,0.4,0.3,0.9,1.7,6.7,1620564
Marquese Chriss,6.2,1.9,0.7,1.1,1.3,2.1,9.3,1413272
Marvin Bagley III,7.6,1,0.5,1,1.6,1.9,14.9,7305600
Marvin Bagley III,7.4,1,0.5,0.5,1.4,2.3,14.1,8963640
Marvin Bagley III,7,0.8,0.5,0.4,0.8,1.9,11.3,11312114
Marvin Bagley III,6.4,0.9,0.5,0.7,1.1,1.9,12,12500000
Marvin Williams,5.4,1.2,0.9,0.8,0.6,2.1,10.1,14087500
Marvin Williams,3.2,1,0.6,0.5,0.6,1.8,5.9,15006250
Mason Plumlee,6.4,3,0.8,0.9,1.5,3.1,7.8,12917808
Mason Plumlee,5.2,2.5,0.5,0.6,1.3,2.3,7.2,14041096
Mason Plumlee,9.3,3.6,0.8,0.9,1.9,3.3,10.4,8000000
Mason Plumlee,7.7,3.1,0.8,0.7,1.4,3.1,6.5,8137500
Mason Plumlee,8.9,3.1,0.6,0.6,1.5,2.7,10.8,9080417
Matisse Thybulle,1.6,1.2,1.4,0.7,0.8,2.2,4.7,2582160
Matisse Thybulle,1.9,1,1.6,1.1,0.5,2,3.9,2711280
Matisse Thybulle,2.3,1.1,1.7,1.1,0.6,2.4,5.7,2840160
Matisse Thybulle,2,0.7,1.2,0.5,0.3,1.6,4.1,4379527
Matthew Dellavedova,1.6,3.8,0.3,0,1.4,1.6,5.9,9607500
Matthew Dellavedova,1.3,3.2,0.4,0,1,1.4,3.1,9607500
Maurice Harkless,4.5,1.2,1.1,0.9,0.8,2.7,7.7,10837079
Maurice Harkless,3.9,1.1,0.9,0.5,0.9,2.4,5.8,11511234
Maurice Harkless,2.4,1.2,0.8,0.5,0.6,2.3,5.2,3623000
Maurice Harkless,2.4,0.5,0.6,0.5,0.7,1.6,4.6,4347600
Max Christie,1.8,0.5,0.2,0.2,0.3,0.8,3.1,1017781
Max Strus,3,1.4,0.4,0.2,0.8,1.7,10.6,1669178
Max Strus,3.2,2.1,0.5,0.2,0.9,2.1,11.5,1815677
Maxi Kleber,4.6,1,0.5,1.1,0.8,2,6.8,1378242
Maxi Kleber,5.2,1.2,0.3,1.1,0.8,2.4,9.1,8000000
Maxi Kleber,5.2,1.4,0.5,0.7,0.6,2.1,7.1,8325000
Maxi Kleber,5.9,1.2,0.5,1,0.8,2.3,7,8750000
Maxi Kleber,3.6,1.4,0.3,0.8,0.7,2.3,5.9,9000000
Meyers Leonard,3.8,1.2,0.2,0.1,0.7,1.7,5.9,10595506
Meyers Leonard,5.1,1.1,0.3,0.3,0.8,2.1,6.1,11286515
Michael Carter-Williams,3.3,2.4,1.1,0.5,1.2,1.9,7.2,2028594
Michael Carter-Williams,4.5,4.2,0.8,0.5,2.2,2.6,8.8,3300000
Michael Kidd-Gilchrist,3.8,1,0.5,0.6,0.7,2.4,6.7,13000000
Michael Porter Jr.,4.7,0.8,0.5,0.5,0.9,1.8,9.3,3389400
Michael Porter Jr.,7.3,1.1,0.7,0.9,1.3,2.1,19,3550800
Michael Porter Jr.,5.5,1,0.6,0.5,1.1,1.9,17.4,30913750
Mikal Bridges,3.2,2.1,1.6,0.5,0.9,2.5,8.3,3552960
Mikal Bridges,4,1.8,1.4,0.6,1,2.2,9.1,4161000
Mikal Bridges,4.3,2.1,1.1,0.9,0.8,1.6,13.5,4359000
Mikal Bridges,4.2,2.3,1.2,0.4,0.8,1.8,14.2,5557725
Mikal Bridges,4.4,3.3,1.1,0.7,1.5,1.9,20.1,20100000
Mike Conley,3.4,6.4,1.3,0.3,1.9,1.8,21.1,30521116
Mike Conley,3.2,4.4,0.8,0.1,2,2.2,14.4,32511623
Mike Conley,3.5,6,1.4,0.2,1.9,1.9,16.2,34504132
Mike Conley,3,5.3,1.3,0.3,1.7,2,13.7,21000000
Mike Conley,2.7,6.7,1.1,0.2,1.5,2.1,11.9,22680000
Mike Muscala,3.8,1.2,0.3,0.6,0.8,2,7,5000000
Mike Muscala,2.3,0.9,0.2,0.3,0.4,1.2,4.8,2028594
Mike Muscala,3.8,0.8,0.2,0.3,0.6,1.5,9.7,2283034
Mike Muscala,3,0.5,0.4,0.6,0.3,1.3,8,3500000
Mike Muscala,3.2,0.8,0.2,0.4,0.4,1.6,6.1,3500000
Mike Scott,3.5,0.8,0.3,0.2,0.6,2,5.8,4320500
Mike Scott,3.6,0.8,0.3,0.1,0.4,1.4,6,4767000
Mike Scott,2.4,0.8,0.5,0.3,0.4,1.4,4.2,5005350
Miles Bridges,4,1.2,0.7,0.6,0.6,1.4,7.5,3206640
Miles Bridges,5.6,1.8,0.6,0.7,1.5,2,13,3755400
Miles Bridges,6,2.2,0.7,0.8,1.6,2.2,12.7,3934320
Miles Bridges,7,3.8,0.9,0.8,1.9,2.4,20.2,5421493
Miles McBride,0.8,1.1,0.6,0.1,0.4,0.9,3.5,1563518
Mitchell Robinson,6.4,0.6,0.8,2.4,0.5,3.3,7.3,1485440
Mitchell Robinson,7,0.6,0.9,2,0.6,3.2,9.7,1559712
Mitchell Robinson,8.1,0.5,1.1,1.5,0.8,2.8,8.3,1663861
Mitchell Robinson,8.6,0.5,0.8,1.8,0.8,2.7,8.5,1802057
Mitchell Robinson,9.4,0.9,0.9,1.8,0.7,2.7,7.4,17045454
Miye Oni,1.6,0.5,0.2,0.1,0.3,1.1,1.9,1517981
Mo Bamba,5,0.8,0.3,1.4,0.9,2.2,6.2,4865040
Mo Bamba,4.9,0.7,0.4,1.4,0.7,1.9,5.4,5697600
Mo Bamba,5.8,0.8,0.3,1.3,0.8,1.9,8,5969040
Mo Bamba,8.1,1.2,0.5,1.7,1.1,2.6,10.6,7568742
Mo Bamba,4.6,0.9,0.3,0.9,0.6,2.1,6.6,10300000
Monte Morris,2.4,3.6,0.9,0,0.6,1.2,10.4,1349383
Monte Morris,1.9,3.5,0.8,0.2,0.7,1,9,1588231
Monte Morris,2,3.2,0.7,0.3,0.7,1,10.2,1723707
Monte Morris,3,4.4,0.7,0.2,1,1.2,12.6,8849071
Monte Morris,3.4,5.3,0.7,0.2,1,1.2,10.3,9125000
Montrezl Harrell,6.5,2,0.9,1.3,1.6,3.1,16.6,6000000
Montrezl Harrell,7.1,1.7,0.6,1.1,1.7,2.3,18.6,6000000
Montrezl Harrell,6.2,1.1,0.7,0.7,1.1,1.9,13.5,9258000
Montrezl Harrell,6.1,2,0.4,0.6,1,1.9,13.1,9720900
Montrezl Harrell,2.8,0.6,0.3,0.4,0.6,1.3,5.6,2463490
Moritz Wagner,4.9,1.2,0.6,0.4,1.5,3.4,8.7,2063520
Moritz Wagner,3.2,1.1,0.6,0.4,1,2.4,6.9,2383915
Moritz Wagner,3.7,1.4,0.3,0.2,0.9,2,9,1729217
Moritz Wagner,4.5,1.5,0.6,0.2,1.2,2.4,10.5,1878720
Moses Brown,8.9,0.2,0.7,1.1,1,2.2,8.6,1250000
Moses Moody,1.5,0.4,0.1,0.2,0.3,0.8,4.4,3562080
Moses Moody,1.7,0.8,0.3,0.1,0.5,0.9,4.8,3740160
Mychal Mulder,1,0.4,0.2,0.2,0.3,0.9,5.6,1517981
Myles Turner,7.2,1.6,0.8,2.7,1.4,2.6,13.3,3410284
Myles Turner,6.6,1.2,0.7,2.1,1.4,2.7,12.1,17500000
Myles Turner,6.5,1,0.9,3.4,1.4,3.5,12.6,17500000
Myles Turner,7.1,1,0.7,2.8,1.3,2.8,12.9,17500000
Myles Turner,7.5,1.4,0.6,2.3,1.7,3.5,18,35069500
Bones Hyland,2.7,2.8,0.6,0.3,1.2,2.2,10.1,2096880
Bones Hyland,2.4,3.1,0.7,0.3,1.5,1.7,11.8,2201520
Naji Marshall,2.6,1.1,0.6,0.1,0.8,1.3,5.7,1517981
Naji Marshall,3.6,2.5,0.7,0.2,1.3,1.5,9.1,1782621
Nassir Little,2.3,0.5,0.3,0.3,0.3,1.5,3.6,2105520
Nassir Little,2.7,0.5,0.1,0.3,0.4,1.1,4.6,2210640
Nassir Little,5.6,1.3,0.6,0.9,1,2,9.8,2316240
Nassir Little,2.6,0.9,0.4,0.4,0.7,1.2,6.6,4171548
Naz Reid,4.6,1,0.5,1.1,1,2.6,11.2,1517981
Naz Reid,3.9,0.9,0.5,0.9,1.1,2.2,8.3,1782621
Naz Reid,4.9,1.1,0.6,0.8,1.4,2.6,11.5,1930681
Nemanja Bjelica,5.8,1.9,0.7,0.7,1.1,2.6,9.6,6500000
Nemanja Bjelica,6.4,2.8,0.9,0.6,1.4,3,11.5,6825000
Nemanja Bjelica,3.4,1.9,0.4,0.1,0.9,1.8,6.5,7150000
Nemanja Bjelica,4.1,2.2,0.6,0.4,1.2,1.8,6.1,2089448
Nenê,2.9,0.6,0.4,0.4,0.3,2.1,3.6,3651480
Nerlens Noel,4.2,0.6,0.9,1.2,0.6,2.2,4.9,1757429
Nerlens Noel,4.9,0.9,1,1.5,1.1,2.7,7.4,2028594
Nerlens Noel,6.4,0.7,1.1,2.2,1,2.8,5.1,5000000
Nerlens Noel,5.6,0.9,1.2,1.2,0.8,2.7,3.4,8800000
Nic Claxton,5.2,0.9,0.7,1.3,0.6,2.1,6.6,1517981
Nic Claxton,5.6,0.9,0.5,1.1,0.8,2.3,8.7,1782621
Nic Claxton,9.2,1.9,0.9,2.5,1.3,2.8,12.6,8500000
Nick Richards,6.4,0.6,0.2,1.1,0.9,2.4,8.2,1782621
Nickeil Alexander-Walker,1.8,1.9,0.4,0.2,1.1,1.2,5.7,2964840
Nickeil Alexander-Walker,3.1,2.2,1,0.5,1.5,1.9,11,3113160
Nickeil Alexander-Walker,2.9,2.4,0.7,0.4,1.4,1.6,10.6,3261480
Nickeil Alexander-Walker,1.7,1.8,0.5,0.4,0.9,1.5,6.2,5009633
Nicolas Batum,5.2,3.3,0.9,0.6,1.6,1.9,9.3,24000000
Nicolas Batum,4.5,3,0.8,0.4,1,1.9,3.6,25565217
Nicolas Batum,4.7,2.2,1,0.6,0.8,1.5,8.1,10477533
Nicolas Batum,4.3,1.7,1,0.7,0.7,1.4,8.3,12026998
Nicolas Batum,3.8,1.6,0.7,0.6,0.6,1.9,6.1,19700319
Nicolò Melli,3,1.4,0.6,0.4,0.8,2.1,6.6,4102564
Nicolò Melli,2.7,1,0.3,0.1,0.3,1.3,3,3897436
Nik Stauskas,1.9,1.2,0.3,0.1,0.8,0.7,5.9,2161887
Nikola Jokić,10.8,7.3,1.4,0.7,3.1,2.9,20.1,24605181
Nikola Jokić,9.7,7,1.2,0.6,3.1,3,19.9,26573595
Nikola Jokić,10.8,8.3,1.3,0.7,3.1,2.7,26.4,29542010
Nikola Jokić,13.8,7.9,1.5,0.9,3.8,2.6,27.1,30510423
Nikola Jokić,11.8,9.8,1.3,0.7,3.6,2.5,24.5,33047803
Nikola Mirotić,7.4,1.2,0.7,0.7,1,2.3,15.2,12500000
Nikola Vučević,12,3.8,1,1.1,2,2,20.8,12750000
Nikola Vučević,10.9,3.6,0.9,0.8,1.4,2.2,19.6,28000000
Nikola Vučević,11.7,3.8,0.9,0.7,1.8,2,23.4,26000000
Nikola Vučević,11,3.2,1,1,1.9,2.5,17.6,24000000
Nikola Vučević,11,3.2,0.7,0.7,1.7,2.2,17.6,22000000
Noah Vonleh,7.8,1.9,0.7,0.8,1.3,2.6,8.4,1621415
Norman Powell,2.3,1.5,0.7,0.2,1.1,1.6,8.6,9367200
Norman Powell,3.7,1.8,1.2,0.4,1.5,2.1,16,10116576
Norman Powell,3.1,1.9,1.2,0.3,1.7,2.3,18.6,10865952
Norman Powell,3.2,2.1,0.9,0.5,1.5,2.4,19,15517242
Norman Powell,2.9,1.8,0.8,0.3,1.7,2.1,17,16758621
Obi Toppin,2.2,0.5,0.3,0.2,0.4,0.9,4.1,4862040
Obi Toppin,3.7,1.1,0.3,0.5,0.8,1.4,9,5105160
Obi Toppin,2.8,1,0.3,0.2,0.6,1,7.4,5348280
Ochai Agbaji,2.1,1.1,0.3,0.3,0.7,1.7,7.9,3918360
OG Anunoby,2.9,0.7,0.7,0.3,0.8,2.1,7,1952760
OG Anunoby,5.3,1.6,1.4,0.7,1.1,2.4,10.6,2281800
OG Anunoby,5.5,2.2,1.5,0.7,1.7,2.7,15.9,3872215
OG Anunoby,5.5,2.6,1.5,0.5,1.7,2.7,17.1,16071429
OG Anunoby,5,2,1.9,0.7,2,3,16.8,17357143
Omari Spellman,4.2,1,0.6,0.5,0.7,1.5,5.9,1620480
Omari Spellman,4.5,1,0.7,0.5,1.1,1.3,7.6,1897800
Omer Yurtseven,5.3,0.9,0.3,0.4,0.7,1.5,5.3,1489065
Omri Casspi,3.2,0.7,0.6,0.3,0.6,1,6.3,2176260
Onyeka Okongwu,3.3,0.4,0.5,0.7,0.6,2,4.6,5813640
Onyeka Okongwu,5.9,1.1,0.6,1.3,0.9,3.1,8.2,6104280
Onyeka Okongwu,7.2,1,0.7,1.3,1,3.1,9.9,6395160
Oshae Brissett,5.5,0.9,0.9,1,0.5,1.5,10.9,1255493
Oshae Brissett,5.3,1.1,0.7,0.4,0.8,1.7,9.1,1701593
Oshae Brissett,3.4,0.7,0.5,0.2,0.5,1.2,6.1,1846738
Otto Porter Jr.,5.6,2.1,1.5,0.6,1.2,1.9,13.9,26011913
Otto Porter Jr.,5.4,2,0.6,0.1,0.9,1.5,9.7,28489239
Otto Porter Jr.,5.7,1.5,1.1,0.5,0.6,1.3,8.2,2389641
Ousmane Dieng,2.7,1.2,0.4,0.2,0.7,1.1,4.9,4569840
P.J. Tucker,5.8,1.2,1.6,0.5,0.8,3.1,7.3,7969537
P.J. Tucker,6.6,1.6,1.1,0.5,1,3.2,6.9,8349039
P.J. Tucker,3.9,1.2,0.8,0.4,0.8,2.4,3.7,7969537
P.J. Tucker,5.5,2.1,0.8,0.2,0.9,2.3,7.6,7000000
P.J. Tucker,3.9,0.8,0.5,0.2,0.6,2.4,3.5,10490000
P.J. Washington,5.4,2.1,0.9,0.8,1.6,2.7,12.2,3831840
P.J. Washington,6.5,2.5,1.1,1.2,2,2.7,12.9,4023600
P.J. Washington,5.2,2.3,0.9,0.9,1.3,2.3,10.3,4215120
P.J. Washington,4.9,2.4,0.9,1.1,1.5,2.6,15.7,5808435
Paolo Banchero,6.9,3.7,0.8,0.5,2.8,2.2,20,11055120
Pascal Siakam,6.9,3.1,0.9,0.7,1.9,3,16.9,1544951
Pascal Siakam,7.3,3.5,1,0.9,2.5,2.8,22.9,2351839
Pascal Siakam,7.2,4.5,1.1,0.7,2.3,3.1,21.4,30559200
Pascal Siakam,8.5,5.3,1.3,0.6,2.7,3.3,22.8,33003936
Pascal Siakam,7.8,5.8,0.9,0.5,2.4,3.2,24.2,35448672
Pat Connaughton,4.2,2,0.5,0.4,0.5,1.3,6.9,1641000
Pat Connaughton,4.2,1.6,0.4,0.5,0.8,1,5.4,1723050
Pat Connaughton,4.8,1.2,0.7,0.3,0.5,1.4,6.8,4938273
Pat Connaughton,4.2,1.3,0.9,0.2,0.5,1.3,9.9,5333333
Pat Connaughton,4.6,1.3,0.6,0.2,0.5,1.1,7.6,5728393
Patrick Beverley,5,3.8,0.9,0.6,1.1,3.4,7.6,5027028
Patrick Beverley,5.2,3.6,1.1,0.5,1.3,3.1,7.9,12345679
Patrick Beverley,3.2,2.1,0.8,0.8,0.9,2.9,7.5,13333333
Patrick Beverley,4.1,4.6,1.2,0.9,1.3,3,9.2,14320988
Patrick Beverley,3.7,2.9,0.9,0.6,0.9,2.8,6.2,13506508
Patrick McCaw,2.3,2.1,1.1,0.1,0.8,1.6,4.6,4000000
Patrick Patterson,2.3,0.5,0.3,0.2,0.3,0.7,3.6,5451600
Patrick Patterson,2.6,0.7,0.1,0.1,0.4,0.9,4.9,3068660
Patrick Patterson,2,0.8,0.4,0.2,0.3,1.2,5.2,3814771
Patrick Williams,4.6,1.4,0.9,0.6,1.4,1.8,9.2,7068360
Patrick Williams,4,1.2,0.9,0.9,1.2,1.8,10.2,7775400
Patty Mills,2.2,3,0.6,0.1,1.1,1.6,9.9,11571429
Patty Mills,1.6,1.8,0.8,0.1,0.8,1.6,11.6,12428571
Patty Mills,1.7,2.4,0.6,0,1,1.2,10.8,13535714
Patty Mills,1.9,2.3,0.6,0.2,0.9,1.4,11.4,5890000
Patty Mills,1.1,1.4,0.4,0.1,0.8,0.8,6.2,6479000
Paul George,8.2,4.1,2.2,0.4,2.7,2.8,28,30560700
Paul George,5.7,3.9,1.4,0.4,2.6,2.4,21.5,33005556
Paul George,6.6,5.2,1.1,0.4,3.3,2.4,23.3,35450412
Paul George,6.9,5.7,2.2,0.4,4.1,2.4,24.3,39344970
Paul George,6.1,5.1,1.5,0.4,3.1,2.8,23.8,42492492
Paul Millsap,7.2,2,1.2,0.8,1.4,2.6,12.6,29230769
Paul Millsap,5.7,1.6,0.9,0.6,1.4,2.9,11.6,30500000
Paul Millsap,4.7,1.8,0.9,0.6,0.9,2,9,10000000
Paul Reed,3.8,0.4,0.7,0.7,0.7,1.8,4.2,1782621
Payton Pritchard,2.4,1.8,0.6,0.1,0.8,1.6,7.7,2035800
Payton Pritchard,1.9,2,0.4,0.1,0.6,0.9,6.2,2137440
Payton Pritchard,1.8,1.3,0.3,0,0.8,0.8,5.6,2239200
PJ Dozier,3.6,1.8,0.6,0.4,0.9,1.7,7.7,1762796
Precious Achiuwa,3.4,0.5,0.3,0.5,0.7,1.5,5,2582160
Precious Achiuwa,6.5,1.1,0.5,0.6,1.2,2.1,9.1,2711280
Precious Achiuwa,6,0.9,0.6,0.5,1.1,1.9,9.2,2840160
Quentin Grimes,2,1,0.7,0.2,0.6,1.6,6,2168760
Quentin Grimes,3.2,2.1,0.7,0.4,1,2.5,11.3,2277000
Quinn Cook,2.1,1.6,0.3,0,0.7,1.2,6.9,1544951
Quinn Cook,1.2,1.1,0.3,0,0.8,0.6,5.1,3000000
R.J. Hampton,3.5,1.7,0.4,0.2,1,1.2,6.9,2193480
R.J. Hampton,3,2.5,0.7,0.2,1.4,1.6,7.6,2303040
R.J. Hampton,1.9,1.1,0.6,0.2,0.9,1.1,6.4,2898243
Rajon Rondo,5.3,8,1.2,0.2,2.8,2.2,9.2,9000000
Rajon Rondo,3,5,0.8,0,1.9,1.2,7.1,2564753
Rajon Rondo,2.4,4.4,0.8,0.1,1.8,1.2,5.4,8250000
Rajon Rondo,2.8,4.4,0.8,0.2,1.7,1.4,4.8,7500000
Raul Neto,1.1,1.8,0.4,0.1,0.9,0.9,5.1,1737145
Raul Neto,2.4,2.3,1.1,0.1,0.8,1.7,8.7,1620564
Raul Neto,1.9,3.1,0.8,0,1.1,1.5,7.5,2089448
Raul Neto,1,1.6,0.4,0.1,0.5,1,3.3,1836090
Reggie Bullock,2.7,2,0.6,0.2,1,1.7,11.3,2500000
Reggie Bullock,2.3,1.4,0.9,0.1,0.7,1.9,8.1,4000000
Reggie Bullock,3.4,1.5,0.8,0.2,0.7,2.2,10.9,4200000
Reggie Bullock,3.5,1.2,0.6,0.2,0.6,1.6,8.6,9536000
Reggie Bullock,3.6,1.4,0.7,0.2,0.5,2.1,7.2,10012800
Reggie Jackson,2.6,4.2,0.7,0.1,1.8,2.5,15.4,17043478
Reggie Jackson,3,4.1,0.4,0.2,1.6,1.9,11.9,18020981
Reggie Jackson,2.9,3.1,0.6,0.1,1.1,1.9,10.7,1620564
Reggie Jackson,3.6,4.8,0.7,0.2,2.3,2.1,16.8,10384500
Reggie Jackson,2.1,3.4,0.7,0.1,1.7,1.7,10.2,11457217
Richaun Holmes,4.7,0.9,0.6,1.1,0.7,2.8,8.2,1600520
Richaun Holmes,8.1,1,0.9,1.3,1.2,3.8,12.3,4767000
Richaun Holmes,8.3,1.7,0.6,1.6,1.2,3.5,14.2,5005350
Richaun Holmes,7,1.1,0.4,0.9,1.2,2.8,10.4,10384500
Ricky Rubio,3.6,6.1,1.3,0.1,2.6,2.6,12.7,14975000
Ricky Rubio,4.7,8.8,1.4,0.2,2.7,2.6,13,16200000
Ricky Rubio,3.3,6.4,1.4,0.1,1.6,2,8.6,17000000
Ricky Rubio,4.1,6.6,1.4,0.2,2.6,2.2,13.1,17800000
Ricky Rubio,2.1,3.5,0.8,0.2,0.9,1.5,5.2,5853659
RJ Barrett,5,2.6,1,0.3,2.2,2.2,14.3,7839960
RJ Barrett,5.8,3,0.7,0.3,1.9,2.6,17.6,8231760
RJ Barrett,5.8,3,0.6,0.2,2.2,2,20,8623920
RJ Barrett,5,2.8,0.4,0.2,2.2,2.5,19.6,10900635
Robert Covington,5.5,1.3,2.1,1.3,1.3,3.6,13.3,10464092
Robert Covington,6.6,1.3,1.6,1.3,1.5,3.1,12.4,11301219
Robert Covington,6.7,1.7,1.4,1.2,0.9,2.8,8.5,12138345
Robert Covington,5.5,1.3,1.5,1.3,1.1,2.7,8.5,12975471
Robert Covington,3.5,1.2,0.8,0.7,0.7,1.8,6,12307692
Robert Williams,6.9,1.8,0.8,1.8,1,2,8,2029920
Robert Williams,9.6,2,0.9,2.2,1,2.2,10,3661976
Robert Williams,8.3,1.4,0.6,1.4,1,1.9,8,10937502
Robin Lopez,3.9,1.2,0.1,1.1,1.3,1.7,9.5,14357750
Robin Lopez,2.4,0.7,0.2,0.7,1,1.5,5.4,4767000
Robin Lopez,3.8,0.8,0.2,0.6,1.1,1.5,9,7300000
Robin Lopez,3.5,1.5,0.1,0.5,1.2,1.9,7.1,5000000
Rodions Kurucs,3.9,0.8,0.7,0.4,1.2,2.3,8.5,1618320
Rodions Kurucs,2.9,1.1,0.5,0.1,1,1.9,4.6,1699236
Rodney Hood,2.2,1.8,0.8,0.2,0.8,2,11.2,3472888
Rodney Hood,3.4,1.5,0.8,0.2,0.9,2.2,11,5718000
Rodney Hood,1.9,1,0.4,0.1,0.7,1.3,4.5,10047450
Rodney Hood,1.5,0.7,0.3,0.1,0.2,0.6,3.1,2239544
Rodney McGruder,3.6,1.7,0.5,0.2,1,1.7,7.6,1544951
Rodney McGruder,2.7,0.6,0.5,0.1,0.4,1.3,3.3,4807693
Rodney McGruder,2.2,0.9,0.4,0.1,0.5,1.1,5.4,1939350
Rodney McGruder,2.3,0.9,0.5,0,0.3,1.2,5.7,1836090
Romeo Langford,2.3,0.4,0.5,0.3,0.3,1,4.5,3804360
Romeo Langford,2.7,1.2,0.6,0.3,0.7,1.6,6.9,5634257
Rondae Hollis-Jefferson,5.3,1.6,0.7,0.5,1.2,1.8,8.9,2470357
Rondae Hollis-Jefferson,4.7,1.8,0.8,0.4,1,1.9,7,2500000
Royce O'Neale,3.5,1.5,0.7,0.3,0.9,2.1,5.2,1378242
Royce O'Neale,5.5,2.5,0.8,0.5,0.9,2.8,6.3,1618520
Royce O'Neale,6.8,2.5,0.8,0.5,1.2,2.6,7,8500000
Royce O'Neale,4.8,2.5,1.1,0.4,1,2.4,7.4,8800000
Royce O'Neale,5.1,3.7,0.9,0.6,1.5,3.1,8.8,9200000
Rudy Gay,6.8,2.6,0.8,0.5,1.7,2.3,13.7,10087200
Rudy Gay,5.4,1.7,0.5,0.5,1.3,1.5,10.8,14000000
Rudy Gay,4.8,1.4,0.7,0.6,1,1.8,11.4,14500000
Rudy Gay,4.4,1,0.5,0.3,0.9,1.7,8.1,5890000
Rudy Gay,2.9,1,0.3,0.3,0.7,1.2,5.2,6184500
Rudy Gobert,12.9,2,0.8,2.3,1.6,2.9,15.9,23241573
Rudy Gobert,13.5,1.5,0.8,2,1.9,3.2,15.1,25008427
Rudy Gobert,13.5,1.3,0.6,2.7,1.7,2.3,14.3,27525281
Rudy Gobert,14.7,1.1,0.7,2.1,1.8,2.7,15.6,35344828
Rudy Gobert,11.6,1.2,0.8,1.4,1.7,3,13.4,38172414
Rui Hachimura,6.1,1.8,0.8,0.2,1.1,2.2,13.5,4469160
Rui Hachimura,5.5,1.4,0.8,0.1,1.2,2.1,13.8,4692840
Rui Hachimura,3.8,1.1,0.5,0.2,0.8,1.3,11.3,4916160
Rui Hachimura,4.5,0.9,0.3,0.4,0.8,1.1,11.2,6263188
Russell Westbrook,11.1,10.7,1.9,0.5,4.5,3.4,22.9,35654150
Russell Westbrook,7.9,7,1.6,0.4,4.5,3.5,27.2,38506482
Russell Westbrook,11.5,11.7,1.4,0.4,4.8,2.9,22.2,41358814
Russell Westbrook,7.4,7.1,1,0.3,3.8,3,18.5,44211146
Russell Westbrook,5.8,7.5,1,0.5,3.5,2.2,15.9,46791220
Ryan Arcidiacono,2.7,3.3,0.8,0,0.8,2.1,6.7,1349383
Ryan Arcidiacono,1.9,1.7,0.5,0.1,0.6,1.7,4.5,3000000
Saben Lee,2.4,2.9,1,0.3,1,1.2,5.6,1489065
Saddiq Bey,4.5,1.4,0.7,0.2,0.9,1.6,12.2,2689920
Saddiq Bey,5.4,2.8,0.9,0.2,1.2,1.6,16.1,2824320
Saddiq Bey,4.7,1.5,0.9,0.2,0.9,1.6,13.8,2959080
Sam Dekker,3.1,1,0.8,0.1,0.5,1,6.1,2760095
Sam Hauser,2.6,0.9,0.4,0.3,0.4,1.2,6.4,1637966
Santi Aldama,4.8,1.3,0.6,0.6,0.8,1.9,9,2094120
Scottie Barnes,7.5,3.5,1.1,0.7,1.8,2.6,15.3,7280400
Scottie Barnes,6.6,4.8,1.1,0.8,2,2.2,15.3,7644600
Sekou Doumbouya,3.1,0.5,0.5,0.2,0.9,2.1,6.4,3285120
Sekou Doumbouya,2.6,0.8,0.4,0.2,0.8,1.7,5.1,3449400
Semi Ojeleye,1.5,0.4,0.2,0.1,0.3,0.8,3.3,1378242
Semi Ojeleye,2.1,0.5,0.3,0.1,0.3,1.2,3.4,1618520
Semi Ojeleye,2.6,0.7,0.3,0,0.4,1,4.6,1752950
Serge Ibaka,8.1,1.3,0.4,1.4,1.5,2.9,15,21666667
Serge Ibaka,8.2,1.4,0.5,0.8,2,2.8,15.4,23271604
Serge Ibaka,6.7,1.8,0.2,1.1,1.1,1.9,11.1,9258000
Serge Ibaka,4.6,0.9,0.2,0.6,0.8,1.9,6.8,9720900
Seth Curry,1.6,0.9,0.5,0.2,0.8,1.3,7.9,2795000
Seth Curry,2.3,1.9,0.6,0.1,1,1.8,12.4,7461380
Seth Curry,2.4,2.7,0.8,0.1,1.1,1.7,12.5,7834449
Seth Curry,3.1,3.6,0.8,0.2,1.7,2.3,15,8207518
Seth Curry,1.6,1.6,0.6,0.1,0.8,1.6,9.2,8496653
Shabazz Napier,1.8,2.6,0.7,0.3,1.2,1.2,9.4,1942422
Shabazz Napier,2.8,4.7,1.2,0.2,2.3,1.8,10.3,1845301
Shaedon Sharpe,3,1.2,0.5,0.3,1,1.7,9.9,6012960
Shai Gilgeous-Alexander,2.8,3.3,1.2,0.5,1.7,2.1,10.8,3375360
Shai Gilgeous-Alexander,5.9,3.3,1.1,0.7,1.9,1.7,19,3952920
Shai Gilgeous-Alexander,4.7,5.9,0.8,0.7,3,2,23.7,4141320
Shai Gilgeous-Alexander,5,5.9,1.3,0.8,2.8,2.5,24.5,5495532
Shai Gilgeous-Alexander,4.8,5.5,1.6,1,2.8,2.8,31.4,30913750
Shake Milton,2.2,2.6,0.5,0.2,1.2,2.3,9.4,1445697
Shake Milton,2.3,3.1,0.6,0.3,1.6,2.1,13,1701593
Shake Milton,2.6,2.5,0.5,0.3,0.8,1.8,8.2,1846738
Shake Milton,2.5,3.2,0.3,0.2,1.2,1.6,8.4,1997718
Shaquille Harrison,3,1.9,1.2,0.4,0.8,1.7,6.5,1361265
Shaun Livingston,1.8,1.8,0.5,0.4,0.6,1.2,4,8307692
Shelvin Mack,1.8,3.2,0.8,0.1,1.2,1.5,7.5,3029463
Simone Fontecchio,1.7,0.8,0.3,0.2,0.8,1.2,6.3,3205128
Skal Labissière,5.1,1.3,0.2,0.9,0.9,2.7,5.8,2338847
Solomon Hill,3,1.3,0.5,0.2,0.7,1.8,4.3,12252928
Solomon Hill,2.8,1.8,0.7,0.2,0.9,1.4,5.5,12758781
Solomon Hill,3,1.1,0.7,0.2,0.6,1.6,4.5,1620564
Spencer Dinwiddie,2.4,4.6,0.6,0.3,2.2,2.8,16.8,1656092
Spencer Dinwiddie,3.5,6.8,0.6,0.3,2.7,2.8,20.6,10605600
Spencer Dinwiddie,4.2,5.2,0.7,0.2,1.6,2.2,13.7,17142857
Spencer Dinwiddie,3.4,6.5,0.8,0.3,1.8,2.4,17.3,19500000
Stanley Johnson,3.3,1.3,0.9,0.2,1.2,1.7,6.9,3940402
Stanley Johnson,2.5,1.5,0.9,0.3,0.9,1.9,4.4,3804150
Stanley Johnson,3.2,1.7,0.9,0.3,0.7,2.3,6.7,1368948
Stephen Curry,5.3,5.2,1.3,0.4,2.8,2.4,27.3,37457154
Stephen Curry,5.5,5.8,1.2,0.1,3.4,1.9,32,43006362
Stephen Curry,5.2,6.3,1.3,0.4,3.2,2,25.5,45780966
Stephen Curry,6.1,6.3,0.9,0.4,3.2,2.1,29.4,48070014
Sterling Brown,3.2,1.4,0.4,0.1,0.8,1.5,6.4,1378242
Sterling Brown,3.5,1,0.6,0.1,0.8,1,5.1,1618520
Sterling Brown,4.4,1.4,0.7,0.2,0.8,1.9,8.2,1620564
Sterling Brown,3,0.7,0.3,0.1,0.5,1.1,3.3,3000000
Steven Adams,9.5,1.6,1.5,1,1.7,2.6,13.9,24157304
Steven Adams,9.3,2.3,0.8,1.1,1.5,1.9,10.9,25842697
Steven Adams,8.9,1.9,0.9,0.7,1.3,1.9,7.6,29592695
Steven Adams,10,3.4,0.9,0.8,1.5,2,6.9,17073171
Steven Adams,11.5,2.3,0.9,1.1,1.9,2.3,8.6,17926829
Svi Mykhailiuk,1.9,1.9,0.7,0.1,1.1,1.6,9,1416852
Svi Mykhailiuk,2.5,1.7,0.8,0.2,1.3,1,8.5,1663861
Svi Mykhailiuk,1.6,0.8,0.5,0.1,0.6,1,4.6,1729217
T.J. Leaf,2.2,0.4,0.2,0.3,0.2,0.6,3.9,2407560
T.J. McConnell,2.3,3.4,1,0.2,1.2,1.4,6.4,1600520
T.J. McConnell,2.7,5,0.8,0.2,1.4,1,6.5,3500000
T.J. McConnell,3.7,6.6,1.9,0.3,2,1.6,8.6,3500000
T.J. McConnell,3.3,4.9,1.1,0.4,1.1,2,8.5,7500000
T.J. McConnell,3.1,5.3,1.1,0.1,1.9,1.4,8.7,8100000
T.J. Warren,4,1.5,1.2,0.7,1.2,2.8,18,11750000
T.J. Warren,4.2,1.5,1.2,0.5,1.3,2.8,19.8,10810000
T.J. Warren,2.9,1,0.5,0.3,0.5,1.5,7.5,1836090
Taj Gibson,6.5,1.2,0.8,0.6,1,2.7,10.8,14000000
Taj Gibson,4.3,0.8,0.4,0.5,0.8,2,6.1,9800000
Taj Gibson,5.6,0.8,0.7,1.1,0.5,2.2,5.4,2442968
Taj Gibson,4.4,0.6,0.4,0.8,0.5,2.6,4.4,4910000
Talen Horton-Tucker,2.6,2.8,1,0.3,1.6,2,9,1517981
Talen Horton-Tucker,3.2,2.7,1,0.5,1.4,2.5,10,9500000
Talen Horton-Tucker,3.2,3.8,0.6,0.4,1.9,1.7,10.7,10260000
Tari Eason,6,1.1,1.2,0.6,1.2,2.3,9.3,3359160
Taurean Prince,3.6,2.1,1,0.3,1.8,2.6,13.5,2526840
Taurean Prince,6,1.8,0.9,0.4,2,2.5,12.1,3481986
Taurean Prince,3.5,1.9,0.7,0.6,1.1,1.8,9.5,12250000
Taurean Prince,2.5,1,0.7,0.3,0.8,1.7,7.3,13000000
Taurean Prince,2.4,1.6,0.5,0.3,1.3,2.3,9.1,7295000
Terance Mann,3.6,1.6,0.4,0.2,0.6,1.9,7,1517984
Terance Mann,5.2,2.6,0.7,0.3,1,2.2,10.8,1782621
Terance Mann,3.4,2.3,0.5,0.3,1,1.8,8.8,1930681
Terence Davis,3.3,1.6,0.5,0.2,1.1,1.7,7.5,898310
Terence Davis,2.5,1.4,0.7,0.2,1,1.6,8.7,1517981
Terence Davis,3.1,1.3,0.8,0.4,1.1,2.3,10.4,4000000
Terence Davis,2.2,1,0.7,0.2,0.8,1.6,6.7,4000000
Terrance Ferguson,1.9,1,0.5,0.2,0.6,3.1,6.9,2118840
Terrance Ferguson,1.3,0.9,0.5,0.3,0.6,2.8,3.9,2475840
Terrence Ross,3.5,1.7,0.9,0.4,1.1,1.5,15.1,10500000
Terrence Ross,3.2,1.2,1.1,0.3,1,1.6,14.7,12500000
Terrence Ross,3.4,2.3,1,0.5,1.6,1.9,15.6,13500000
Terrence Ross,2.6,1.8,0.4,0.2,1.2,1.1,10,12500000
Terrence Ross,2.4,1.5,0.6,0.2,0.7,1.5,8.3,11161857
Terry Rozier,3.9,2.9,0.9,0.3,0.9,1.3,9,3050390
Terry Rozier,4.4,4.1,1,0.2,2.2,2,18,19894737
Terry Rozier,4.4,4.2,1.3,0.4,1.9,1.7,20.4,18900000
Terry Rozier,4.3,4.5,1.3,0.3,1.3,1.6,19.3,17905263
Terry Rozier,4.1,5.1,1.2,0.3,2.1,1.9,21.1,21486316
Thabo Sefolosha,2.5,0.5,0.9,0.1,0.5,0.8,3.8,5250000
Thaddeus Young,6.5,2.5,1.5,0.4,1.5,2.4,12.6,13764045
Thaddeus Young,4.9,1.8,1.4,0.4,1.6,2.1,10.3,12900000
Thaddeus Young,6.2,4.3,1.1,0.6,2,2.2,12.1,13545000
Thaddeus Young,4,2,1,0.3,1,1.6,6.2,14190000
Thaddeus Young,3.1,1.4,1,0.1,0.8,1.6,4.4,8000000
Thanasis Antetokounmpo,2.2,0.8,0.4,0.2,0.8,1.3,2.9,1701593
Théo Maledon,3.2,3.5,0.9,0.2,2.2,1.9,10.1,2000000
Théo Maledon,2.6,2.2,0.6,0.2,1.3,1.3,7.1,2000000
Théo Maledon,2.8,3.5,0.8,0.3,1.3,1.4,6.7,1900000
Thomas Bryant,6.3,1.3,0.3,0.9,0.8,1.8,10.5,1378242
Thomas Bryant,7.2,1.8,0.5,1.1,1.2,2.2,13.2,8000000
Thomas Bryant,5.7,0.5,0.3,0.5,0.6,1.7,9.8,1836090
Thon Maker,3.2,0.7,0.3,0.8,0.5,1.6,5,2799720
Thon Maker,2.8,0.7,0.4,0.7,0.8,1.7,4.7,3569643
Tim Frazier,2.8,4.2,0.5,0.1,1.3,1.9,5.3,1832107
Tim Hardaway Jr.,3.4,2.4,0.8,0.1,1.6,2.2,18.1,17325000
Tim Hardaway Jr.,3.3,1.9,0.6,0.1,1,1.8,15.8,18150000
Tim Hardaway Jr.,3.3,1.8,0.4,0.2,0.9,1.6,16.6,18975000
Tim Hardaway Jr.,3.7,2.2,0.9,0.1,0.8,1.8,14.2,21306816
Tim Hardaway Jr.,3.5,1.8,0.7,0.2,0.8,1.7,14.4,19602273
Timothé Luwawu-Cabarrot,1.9,0.5,0.4,0.2,0.4,1.5,4.6,1544951
Timothé Luwawu-Cabarrot,2.2,1.2,0.6,0.1,0.7,1.7,6.4,1824003
Timothé Luwawu-Cabarrot,1.6,0.8,0.3,0.1,0.4,1.5,4.4,1939350
Tobias Harris,7.9,2.8,0.6,0.5,1.8,2.2,20,14800000
Tobias Harris,6.9,3.2,0.7,0.6,1.4,2.3,19.6,32742000
Tobias Harris,6.8,3.5,0.9,0.8,1.7,1.9,19.5,34358850
Tobias Harris,6.8,3.5,0.6,0.6,1.6,2.2,17.2,35995950
Tobias Harris,5.7,2.5,0.9,0.5,1.2,2,14.7,37633050
Tomáš Satoranský,3.5,5,1,0.2,1.5,2.2,8.9,3129187
Tomáš Satoranský,3.9,5.4,1.2,0.1,2,2.1,9.9,9375000
Tomáš Satoranský,2.4,4.7,0.7,0.2,1.7,1.5,7.7,10000000
Tomáš Satoranský,2.3,3.3,0.5,0.1,0.8,1.3,3.6,10000000
Tony Bradley,4.6,0.4,0.2,0.6,0.5,2,4.9,1962360
Tony Bradley,5.7,0.9,0.4,0.7,0.8,1.5,7.1,3542060
Tony Bradley,3.4,0.5,0.2,0.6,0.6,1.1,3,1789256
Tony Parker*,1.5,3.7,0.4,0.1,1.3,0.9,9.5,5000000
Tony Snell,2.1,0.9,0.4,0.2,0.3,1.2,6,10607143
Tony Snell,1.9,2.2,0.5,0.3,0.5,1.7,8,11392857
Tony Snell,2.4,1.3,0.3,0.2,0.4,1.6,5.3,12178571
Tony Snell,1.9,0.5,0.3,0.2,0.4,1.3,3.5,2389641
Torrey Craig,3.5,1,0.5,0.6,0.6,2.3,5.7,2000000
Torrey Craig,3.3,0.8,0.4,0.6,0.4,2.3,5.4,2000000
Torrey Craig,3.9,1,0.6,0.5,0.5,1.7,5.5,1620564
Torrey Craig,4,1.2,0.6,0.5,0.9,1.9,6.6,4878049
Torrey Craig,5.4,1.5,0.6,0.8,0.9,2.3,7.4,5121951
Trae Young,3.7,8.1,0.9,0.2,3.8,1.7,19.1,5356440
Trae Young,4.3,9.3,1.1,0.1,4.8,1.7,29.6,6273000
Trae Young,3.9,9.4,0.8,0.2,4.1,1.8,25.3,6571800
Trae Young,3.7,9.7,0.9,0.1,4,1.7,28.4,8326471
Trae Young,3,10.2,1.1,0.1,4.1,1.4,26.2,37096500
Tre Jones,2.2,3.4,0.6,0.1,0.7,1.1,6,1517981
Tre Jones,3.6,6.6,1.3,0.1,1.6,1.4,12.9,1782621
Tre Mann,2.9,1.5,0.8,0.2,1.2,1.7,10.4,2901240
Tre Mann,2.3,1.8,0.6,0.2,0.9,1.5,7.7,3046200
Trendon Watford,3.8,2.1,0.5,0.2,1.1,1.9,7.4,1563518
Treveon Graham,3.1,1,0.4,0.2,0.5,1.9,5.3,1512601
Treveon Graham,2.7,0.8,0.4,0.1,0.5,1.9,4.4,1645357
Trevor Ariza,5.4,3.7,1.3,0.3,1.5,1.9,12.5,15000000
Trevor Ariza,4.6,1.7,1.3,0.3,1.1,2.1,8,12200000
Trevor Ariza,4.8,1.8,1,0.6,0.7,1.8,9.4,12800000
Trey Burke,1.7,2.7,0.6,0.1,0.8,1,10.9,1795015
Trey Burke,1.5,2.5,0.5,0.1,0.6,1,7.4,2257814
Trey Burke,0.9,1.3,0.6,0.1,0.5,1,6.6,3000000
Trey Lyles,3.8,1.4,0.5,0.4,1.1,1.5,8.5,3364249
Trey Lyles,5.7,1.1,0.4,0.4,0.6,1.6,6.4,5500000
Trey Lyles,5.1,1.2,0.4,0.4,1,1.6,10.5,2500000
Trey Lyles,4.1,0.9,0.4,0.4,0.9,1.3,7.6,2625000
Trey Murphy III,2.4,0.6,0.4,0.1,0.3,1,5.4,3053760
Trey Murphy III,3.6,1.4,1.1,0.5,0.8,2,14.5,3206520
Tristan Thompson,10.2,2,0.7,0.4,1.4,2.1,10.9,17469565
Tristan Thompson,10.1,2.1,0.6,0.9,1.8,2.2,12,18539130
Tristan Thompson,8.1,1.2,0.4,0.6,1.1,2.2,7.6,9258000
Tristan Thompson,5.1,0.6,0.4,0.4,0.8,1.7,6,9946611
Troy Brown Jr.,2.8,1.5,0.4,0.1,0.6,1.1,4.8,2749080
Troy Brown Jr.,5.6,2.6,1.2,0.1,1.1,1.9,10.4,3219480
Troy Brown Jr.,3.1,0.9,0.3,0.2,0.6,1.4,4.7,3372840
Troy Brown Jr.,3.1,1,0.5,0.1,0.4,0.9,4.3,5170564
Troy Brown Jr.,4.1,1.3,0.8,0.2,0.6,1.6,7.1,1836090
Troy Daniels,1.4,0.5,0.5,0.1,0.5,1.5,6.2,3258539
Troy Daniels,1.1,0.4,0.2,0.1,0.3,0.8,4.3,2509594
Ty Jerome,2.8,3.6,0.6,0.2,1.4,1.8,10.7,2303040
Ty Jerome,1.6,2.3,0.6,0.1,0.8,1.5,7.1,2412840
Ty Jerome,1.7,3,0.5,0.1,0.7,1.4,6.9,4220057
Tyler Dorsey,2.4,1.2,0.3,0,0.6,1.1,6.2,1378242
Tyler Herro,4.1,2.2,0.6,0.2,1.6,1.4,13.5,3640200
Tyler Herro,5,3.4,0.6,0.3,1.9,1.3,15.1,3822240
Tyler Herro,5,4,0.7,0.1,2.6,1.4,20.7,4004280
Tyler Herro,5.4,4.2,0.8,0.2,2.4,1.5,20.1,5722116
Tyler Johnson,3,2.9,0.9,0.5,1.4,1.7,10.9,19245370
Tyler Johnson,1.9,1.9,0.4,0.2,0.7,1.5,7,19458123
Tyler Johnson,2,1.2,0.4,0,0.4,1.1,5.4,1620564
Tyreke Evans,2.9,2.4,0.8,0.3,1.7,1.7,10.2,12400000
Tyrese Haliburton,3,5.3,1.3,0.5,1.6,1.4,13,3831840
Tyrese Haliburton,4,8.2,1.7,0.6,2.6,1.6,15.3,4023600
Tyrese Haliburton,3.7,10.4,1.6,0.4,2.5,1.2,20.7,4215120
Tyrese Maxey,1.7,2,0.4,0.2,0.7,1.3,8,2478840
Tyrese Maxey,3.2,4.3,0.7,0.4,1.2,2.1,17.5,2602920
Tyrese Maxey,2.9,3.5,0.8,0.1,1.3,2.2,20.3,2726880
Tyrone Wallace,1.6,0.7,0.3,0.1,0.6,1.3,3.5,1349383
Tyson Chandler,5.6,0.7,0.4,0.4,0.8,2,3.1,13869020
Tyus Jones,2,4.8,1.2,0.1,0.7,1.1,6.9,2444053
Tyus Jones,1.6,4.4,0.9,0.1,0.8,0.7,7.4,8400000
Tyus Jones,2,3.7,0.9,0.1,0.7,0.4,6.3,7965100
Tyus Jones,2.4,4.4,0.9,0,0.6,0.4,8.7,7600000
Tyus Jones,2.5,5.2,1,0.1,0.9,0.4,10.3,15000000
Usman Garuba,4.1,0.9,0.6,0.4,0.6,1.8,3,2471160
Victor Oladipo,5.6,5.2,1.7,0.3,2.3,2,18.8,21000000
Victor Oladipo,3.9,2.9,0.9,0.2,2.5,1.9,14.5,21000000
Victor Oladipo,4.8,4.6,1.4,0.4,2.5,2.5,19.8,21000000
Victor Oladipo,3,3.5,1.4,0.3,2.1,2.4,10.7,8750000
Vince Carter,2.6,1.1,0.6,0.4,0.6,1.9,7.4,2393887
Vince Carter,2.1,0.8,0.4,0.4,0.6,1.5,5,2564753
Vit Krejci,3.4,1.9,0.6,0.3,1,2.2,6.2,925258
Vlatko Čančar,2.1,1.3,0.4,0.2,0.6,1.4,5,2234359
Walker Kessler,8.4,0.9,0.4,2.3,0.8,2.3,9.2,2696400
Wayne Ellington,2,1.4,1,0.1,0.8,1.7,10.3,8653076
Wayne Ellington,1.8,1.2,0.4,0.1,0.5,1.1,5.1,8000000
Wayne Ellington,1.8,1.5,0.4,0.2,0.7,1.3,9.6,3564753
Wayne Ellington,1.8,0.7,0.5,0.1,0.4,1,6.7,2641691
Wayne Selden,2.4,1.5,0.4,0.2,1.1,1.7,6.9,1544951
Wendell Carter Jr.,7,1.8,0.6,1.3,1.5,3.5,10.3,4441200
Wendell Carter Jr.,9.4,1.2,0.8,0.8,1.7,3.8,11.3,5201400
Wendell Carter Jr.,8.2,1.9,0.6,0.8,1.4,2.7,11.2,5448840
Wendell Carter Jr.,10.5,2.8,0.6,0.7,1.9,2.7,15,6920027
Wendell Carter Jr.,8.7,2.3,0.5,0.6,1.9,2.8,15.2,14150000
Wenyen Gabriel,4.2,0.5,0.4,0.5,0.7,2.1,5.5,1878720
Wes Iwundu,2.5,1.2,0.5,0.3,0.5,1.5,5.8,1618520
Wes Iwundu,2.2,0.4,0.4,0.1,0.5,1.2,2.4,1678854
Wes Iwundu,2.7,1.1,0.4,0.3,0.6,1.8,5,1378242
Wesley Johnson,1.9,0.6,0.4,0.3,0.5,1.7,3.4,6134520
Wesley Matthews,2.5,2.3,0.8,0.2,1.3,2.3,12.2,19360229
Wesley Matthews,2.5,1.4,0.6,0.1,0.6,1.5,7.4,2564753
Wesley Matthews,1.6,0.9,0.7,0.3,0.4,1.4,4.8,3623000
Wesley Matthews,1.9,0.7,0.5,0.2,0.4,1.8,5.1,1958501
Wesley Matthews,2.2,0.7,0.4,0.3,0.3,1.4,3.4,1836090
Will Barton,4.6,2.9,0.4,0.5,1.5,1.9,11.5,11830358
Will Barton,6.3,3.7,1.1,0.5,1.5,2.1,15.1,12776786
Will Barton,4,3.2,0.9,0.4,1.7,1.7,12.7,13723214
Will Barton,4.8,3.9,0.8,0.4,1.8,1.6,14.7,15625000
Will Barton,2.4,2,0.5,0.2,0.9,1,6.8,14807642
Willie Cauley-Stein,8.4,2.4,1.2,0.6,1,2.8,11.9,4696875
Willie Cauley-Stein,5.8,1.3,0.9,1.1,0.7,2.2,7.2,2177483
Willie Cauley-Stein,4.5,0.7,0.4,0.8,0.5,2.4,5.3,4100000
Willy Hernangómez,5.4,1,0.3,0.3,1,1.7,7.3,1544951
Willy Hernangómez,7.1,1.1,0.5,0.5,0.7,1.4,7.8,1620564
Willy Hernangómez,6.8,1.3,0.4,0.4,1,1.9,9.1,2327220
Wilson Chandler,4.2,1.6,0.5,0.4,0.9,2.4,6,12800562
Wilson Chandler,4.1,1.1,0.5,0.3,1,2.3,5.9,2564753
Xavier Tillman Sr.,4.3,1.3,0.7,0.6,0.8,2,6.6,1300000
Xavier Tillman Sr.,3,1.2,0.9,0.3,0.6,1.2,4.8,1517981
Xavier Tillman Sr.,5,1.6,1,0.5,0.7,1.6,7,1782621
Yogi Ferrell,1.5,1.9,0.5,0.1,0.6,0.9,5.9,3000000
Yogi Ferrell,1,1.4,0.4,0.1,0.6,0.8,4.4,3150000
Yuta Watanabe,2.4,0.8,0.4,0.3,0.4,1.4,5.6,1836090
Zach Collins,4.2,0.9,0.3,0.9,1,2.3,6.6,3628920
Zach Collins,5.5,2.2,0.5,0.8,1.6,2.4,7.8,7000000
Zach Collins,6.4,2.9,0.6,0.8,2,3.2,11.6,7350000
Zach LaVine,4.7,4.5,1,0.4,3.4,2.2,23.7,19500000
Zach LaVine,4.8,4.2,1.5,0.5,3.4,2.2,25.5,19500000
Zach LaVine,5,4.9,0.8,0.5,3.5,2.4,27.4,19500000
Zach LaVine,4.6,4.5,0.6,0.3,2.6,1.8,24.4,19500000
Zach LaVine,4.5,4.2,0.9,0.2,2.5,2.1,24.8,37096500
Zaza Pachulia,3.9,1.3,0.5,0.3,0.8,2.2,3.9,2393887
Zeke Nnaji,3.6,0.4,0.4,0.3,0.6,1.9,6.6,2498760
Zeke Nnaji,2.6,0.3,0.3,0.4,0.6,2,5.2,2617800
Ziaire Williams,2.1,1,0.6,0.2,0.7,1.8,8.1,4373160
Ziaire Williams,2.1,0.9,0.4,0.2,1,1.6,5.7,4591680
Zion Williamson,6.3,2.1,0.7,0.4,2.5,1.8,22.5,9757440
Zion Williamson,7.2,3.7,0.9,0.6,2.7,2.2,27,10245480
Zion Williamson,7,4.6,1.1,0.6,3.4,2.2,26,13534817